order_id,customer_id,order_date,order_type,order_status,shipping_amount,order_line_id,product_id,price,quantity
12069-4TMV42,12069,2017/08/23,Online,Shipped,17.54,12069-4TMV42-1,230,72.75,1
12069-4TMV42,12069,2017/08/23,Online,Shipped,17.54,12069-4TMV42-2,240,26.5,1
10648-2LJO58,10648,2018/11/26,Online,Shipped,15.46,10648-2LJO58-1,130,29.76,1
12172-1FWV29,12172,2020/10/05,Retail,Completed,11.46,12172-1FWV29-1,310,32.34,1
12172-1FWV29,12172,2020/10/05,Retail,Completed,11.46,12172-1FWV29-2,150,20.14,1
12287-0QYI21,12287,2020/12/04,Online,Shipped,10.43,12287-0QYI21-1,310,32.34,1
11605-3INI74,11605,2017/05/15,Online,Shipped,7.42,11605-3INI74-1,320,65.34,1
12734-5RPF16,12734,2019/10/15,Online,Shipped,8.32,12734-5RPF16-1,410,276.0,1
12734-5RPF16,12734,2019/10/15,Online,Shipped,8.32,12734-5RPF16-2,140,22.77,1
12734-5RPF16,12734,2019/10/15,Online,Shipped,8.32,12734-5RPF16-3,120,33.12,1
12734-5RPF16,12734,2019/10/15,Online,Shipped,8.32,12734-5RPF16-4,160,20.0,1
12734-5RPF16,12734,2019/10/15,Online,Shipped,8.32,12734-5RPF16-5,130,32.32,1
12734-5RPF16,12734,2019/10/15,Online,Shipped,8.32,12734-5RPF16-6,130,30.4,1
12734-5RPF16,12734,2019/10/15,Online,Shipped,8.32,12734-5RPF16-7,120,43.2,1
10113-1YFV95,10113,2016/11/25,Online,Shipped,18.56,10113-1YFV95-1,160,17.28,1
10113-1YFV95,10113,2016/11/25,Online,Shipped,18.56,10113-1YFV95-2,230,81.75,1
12172-1JAU49,12172,2017/09/22,Online,Shipped,15.39,12172-1JAU49-1,310,28.38,1
11192-1NIG91,11192,2019/04/03,Online,Shipped,17.69,11192-1NIG91-1,160,15.68,1
12552-0ZGT97,12552,2017/01/21,Online,Shipped,18.85,12552-0ZGT97-1,160,15.2,1
12552-0ZGT97,12552,2017/01/21,Online,Shipped,18.85,12552-0ZGT97-2,230,70.5,1
10248-6PAS18,10248,2015/10/22,Online,Shipped,5.89,10248-6PAS18-1,320,69.96,1
10392-9ZYV98,10392,2019/11/26,Online,Shipped,17.55,10392-9ZYV98-1,320,66.0,1
10643-3OXF91,10643,2015/02/11,Retail,Completed,8.84,10643-3OXF91-1,160,15.84,1
11860-4HPK00,11860,2020/04/12,Online,Shipped,12.68,11860-4HPK00-1,230,89.25,1
11527-0FIE97,11527,2020/06/12,Online,Shipped,14.37,11527-0FIE97-1,120,36.0,1
11527-0FIE97,11527,2020/06/12,Online,Shipped,14.37,11527-0FIE97-2,150,17.48,1
11542-3FYV66,11542,2019/02/16,Retail,Completed,10.33,11542-3FYV66-1,150,17.86,1
12972-7ONL77,12972,2015/06/24,Online,Shipped,11.31,12972-7ONL77-1,160,15.68,1
12252-8HOV83,12252,2016/07/05,Online,Shipped,8.77,12252-8HOV83-1,440,1269.0,1
12252-8HOV83,12252,2016/07/05,Online,Shipped,8.77,12252-8HOV83-2,220,55.5,1
12252-8HOV83,12252,2016/07/05,Online,Shipped,8.77,12252-8HOV83-3,140,21.39,1
12252-8HOV83,12252,2016/07/05,Online,Shipped,8.77,12252-8HOV83-4,210,100.0,1
12252-8HOV83,12252,2016/07/05,Online,Shipped,8.77,12252-8HOV83-5,240,28.25,2
11842-4FAS12,11842,2018/10/22,Online,Shipped,13.03,11842-4FAS12-1,160,14.24,1
11842-4FAS12,11842,2018/10/22,Online,Shipped,13.03,11842-4FAS12-2,160,15.68,1
11842-4FAS12,11842,2018/10/22,Online,Shipped,13.03,11842-4FAS12-3,150,19.38,1
11411-7NPI97,11411,2015/12/20,Online,Shipped,16.25,11411-7NPI97-1,240,26.75,1
11905-7VHO94,11905,2015/08/16,Online,Shipped,9.6,11905-7VHO94-1,150,20.71,1
11905-7VHO94,11905,2015/08/16,Online,Shipped,9.6,11905-7VHO94-2,240,26.5,1
12747-7NKQ75,12747,2018/06/25,Online,Shipped,15.4,12747-7NKQ75-1,340,11.66,1
12747-7NKQ75,12747,2018/06/25,Online,Shipped,15.4,12747-7NKQ75-2,330,101.97,1
11563-1LSL46,11563,2018/03/26,Online,Shipped,13.72,11563-1LSL46-1,160,15.52,1
10381-8ZQI96,10381,2019/03/25,Online,Shipped,15.63,10381-8ZQI96-1,150,18.81,1
10381-8ZQI96,10381,2019/03/25,Online,Shipped,15.63,10381-8ZQI96-2,140,23.92,1
11927-5KDU27,11927,2019/01/09,Online,Shipped,10.99,11927-5KDU27-1,130,33.92,1
10778-0SDN23,10778,2019/01/29,Online,Shipped,6.21,10778-0SDN23-1,120,37.44,1
10778-0SDN23,10778,2019/01/29,Online,Shipped,6.21,10778-0SDN23-2,220,51.0,1
10778-0SDN23,10778,2019/01/29,Online,Shipped,6.21,10778-0SDN23-3,140,25.99,1
10778-0SDN23,10778,2019/01/29,Online,Shipped,6.21,10778-0SDN23-4,160,15.68,1
11562-6MMF02,11562,2018/05/18,Online,Shipped,11.12,11562-6MMF02-1,130,33.92,1
12457-8VWY11,12457,2016/10/25,Online,Shipped,9.13,12457-8VWY11-1,160,17.28,1
12611-1RDI38,12611,2015/05/30,Online,Shipped,5.73,12611-1RDI38-1,330,110.88,1
12611-1RDI38,12611,2015/05/30,Online,Shipped,5.73,12611-1RDI38-2,330,113.85,1
12611-1RDI38,12611,2015/05/30,Online,Shipped,5.73,12611-1RDI38-3,150,21.09,1
12611-1RDI38,12611,2015/05/30,Online,Shipped,5.73,12611-1RDI38-4,160,17.28,1
11860-3LPC25,11860,2016/02/22,Retail,Completed,9.03,11860-3LPC25-1,220,49.5,1
12398-2GOE40,12398,2018/01/09,Online,Shipped,13.73,12398-2GOE40-1,310,30.69,1
12398-2GOE40,12398,2018/01/09,Online,Shipped,13.73,12398-2GOE40-2,210,95.0,1
12398-2GOE40,12398,2018/01/09,Online,Shipped,13.73,12398-2GOE40-3,160,16.0,1
10518-1JAD55,10518,2020/04/27,Online,Shipped,14.98,10518-1JAD55-1,120,41.04,1
10518-1JAD55,10518,2020/04/27,Online,Shipped,14.98,10518-1JAD55-2,160,16.16,1
10518-1JAD55,10518,2020/04/27,Online,Shipped,14.98,10518-1JAD55-3,240,28.25,1
11571-4UPU54,11571,2017/08/09,Retail,Completed,11.88,11571-4UPU54-1,140,20.47,1
11571-4UPU54,11571,2017/08/09,Retail,Completed,11.88,11571-4UPU54-2,340,10.67,1
12407-4OIZ43,12407,2018/06/28,Online,Shipped,6.77,12407-4OIZ43-1,130,30.08,1
12407-4OIZ43,12407,2018/06/28,Online,Shipped,6.77,12407-4OIZ43-2,160,17.12,1
12407-4OIZ43,12407,2018/06/28,Online,Shipped,6.77,12407-4OIZ43-3,160,15.68,1
11885-2IHQ41,11885,2018/01/22,Online,Shipped,6.31,11885-2IHQ41-1,220,50.5,1
11445-5BZV33,11445,2020/08/22,Online,Shipped,16.0,11445-5BZV33-1,330,104.94,1
10448-5JUC72,10448,2020/03/16,Online,Shipped,7.73,10448-5JUC72-1,140,22.54,1
10448-5JUC72,10448,2020/03/16,Online,Shipped,7.73,10448-5JUC72-2,150,18.05,1
11736-1KWG97,11736,2018/06/01,Online,Shipped,5.33,11736-1KWG97-1,430,684.0,1
11736-1KWG97,11736,2018/06/01,Online,Shipped,5.33,11736-1KWG97-2,150,18.43,1
11736-1KWG97,11736,2018/06/01,Online,Shipped,5.33,11736-1KWG97-3,150,18.62,1
11719-7ZAV40,11719,2015/06/29,Online,Shipped,16.29,11719-7ZAV40-1,230,79.5,1
12135-4JRJ19,12135,2019/03/01,Retail,Completed,17.04,12135-4JRJ19-1,340,9.9,1
12397-0OKJ95,12397,2019/03/17,Online,Shipped,10.69,12397-0OKJ95-1,340,12.65,1
11480-3KZE32,11480,2017/03/12,Online,Shipped,7.42,11480-3KZE32-1,160,14.88,2
11936-0JQT69,11936,2019/11/06,Online,Shipped,16.11,11936-0JQT69-1,130,22.4,2
11936-0JQT69,11936,2019/11/06,Online,Shipped,16.11,11936-0JQT69-2,120,36.0,1
11936-0JQT69,11936,2019/11/06,Online,Shipped,16.11,11936-0JQT69-3,130,30.4,2
11936-0JQT69,11936,2019/11/06,Online,Shipped,16.11,11936-0JQT69-4,240,26.25,1
10633-6DKI60,10633,2020/09/18,Online,Shipped,17.06,10633-6DKI60-1,150,18.24,1
10633-6DKI60,10633,2020/09/18,Online,Shipped,17.06,10633-6DKI60-2,230,78.75,1
10633-6DKI60,10633,2020/09/18,Online,Shipped,17.06,10633-6DKI60-3,340,10.56,1
11426-5VFL42,11426,2015/09/06,Online,Shipped,8.19,11426-5VFL42-1,130,28.16,1
11426-5VFL42,11426,2015/09/06,Online,Shipped,8.19,11426-5VFL42-2,310,33.33,1
10834-9PHA95,10834,2017/06/30,Online,Shipped,18.93,10834-9PHA95-1,330,106.92,1
10834-9PHA95,10834,2017/06/30,Online,Shipped,18.93,10834-9PHA95-2,310,29.04,1
10674-0LHM17,10674,2016/10/08,Online,Shipped,6.64,10674-0LHM17-1,160,15.68,1
10674-0LHM17,10674,2016/10/08,Online,Shipped,6.64,10674-0LHM17-2,150,19.95,1
11874-4ZBS91,11874,2017/12/01,Online,Shipped,10.27,11874-4ZBS91-1,220,47.0,1
12617-2WEB67,12617,2015/06/20,Online,Shipped,16.64,12617-2WEB67-1,140,19.32,1
10443-1XKP38,10443,2018/09/05,Retail,Completed,16.62,10443-1XKP38-1,160,15.68,1
11765-0DES51,11765,2020/07/03,Online,Shipped,16.7,11765-0DES51-1,340,11.0,1
12416-2SON60,12416,2016/10/15,Online,Shipped,17.8,12416-2SON60-1,160,16.32,1
10688-6YZL42,10688,2019/07/22,Retail,Completed,15.4,10688-6YZL42-1,160,11.84,2
10394-7UND77,10394,2017/01/12,Online,Shipped,9.48,10394-7UND77-1,130,32.32,1
11950-0PSD99,11950,2019/10/07,Retail,Completed,18.87,11950-0PSD99-1,320,71.28,1
11950-0PSD99,11950,2019/10/07,Retail,Completed,18.87,11950-0PSD99-2,130,32.32,1
11950-0PSD99,11950,2019/10/07,Retail,Completed,18.87,11950-0PSD99-3,420,475.2,1
11950-0PSD99,11950,2019/10/07,Retail,Completed,18.87,11950-0PSD99-4,140,27.37,1
11308-1GNO56,11308,2017/03/11,Retail,Completed,14.08,11308-1GNO56-1,220,54.0,1
11308-1GNO56,11308,2017/03/11,Retail,Completed,14.08,11308-1GNO56-2,120,33.48,1
10319-0NJM04,10319,2015/11/13,Retail,Completed,10.72,10319-0NJM04-1,150,14.63,1
10319-0NJM04,10319,2015/11/13,Retail,Completed,10.72,10319-0NJM04-2,160,12.96,1
10344-0FAK14,10344,2019/10/12,Online,Shipped,14.5,10344-0FAK14-1,330,82.17,1
10344-0FAK14,10344,2019/10/12,Online,Shipped,14.5,10344-0FAK14-2,130,31.68,1
10344-0FAK14,10344,2019/10/12,Online,Shipped,14.5,10344-0FAK14-3,150,16.15,1
12917-8YRS21,12917,2019/01/05,Online,Shipped,15.57,12917-8YRS21-1,340,10.23,1
10840-9VFT69,10840,2017/04/18,Online,Shipped,15.17,10840-9VFT69-1,340,11.55,1
10091-9HZN04,10091,2020/08/19,Online,Shipped,16.32,10091-9HZN04-1,160,16.16,1
11460-1CPZ54,11460,2015/05/08,Online,Shipped,14.08,11460-1CPZ54-1,160,15.68,1
12995-4VTM87,12995,2016/06/25,Online,Shipped,10.75,12995-4VTM87-1,340,10.23,1
11657-9WGK75,11657,2018/10/25,Retail,Completed,17.74,11657-9WGK75-1,120,34.92,4
11657-9WGK75,11657,2018/10/25,Retail,Completed,17.74,11657-9WGK75-2,110,41.0,2
11657-9WGK75,11657,2018/10/25,Retail,Completed,17.74,11657-9WGK75-3,150,16.72,1
11657-9WGK75,11657,2018/10/25,Retail,Completed,17.74,11657-9WGK75-4,240,27.5,1
12092-5HEJ25,12092,2016/04/15,Online,Shipped,18.12,12092-5HEJ25-1,150,18.62,4
12092-5HEJ25,12092,2016/04/15,Online,Shipped,18.12,12092-5HEJ25-2,230,59.25,3
11628-1JKM06,11628,2015/04/30,Online,Shipped,10.43,11628-1JKM06-1,110,41.41,1
11628-1JKM06,11628,2015/04/30,Online,Shipped,10.43,11628-1JKM06-2,310,35.64,1
10649-3HIP55,10649,2019/04/23,Retail,Completed,18.83,10649-3HIP55-1,110,36.49,1
10649-3HIP55,10649,2019/04/23,Retail,Completed,18.83,10649-3HIP55-2,130,29.12,1
12617-1QEL55,12617,2020/09/10,Retail,Completed,14.08,12617-1QEL55-1,320,77.22,1
12617-1QEL55,12617,2020/09/10,Retail,Completed,14.08,12617-1QEL55-2,160,13.92,1
12439-3IBJ75,12439,2016/10/09,Retail,Completed,14.29,12439-3IBJ75-1,420,465.6,1
12439-3IBJ75,12439,2016/10/09,Retail,Completed,14.29,12439-3IBJ75-2,160,16.48,1
11825-6VEA70,11825,2019/01/16,Retail,Completed,13.01,11825-6VEA70-1,140,23.23,1
10903-6BMB27,10903,2018/07/28,Online,Shipped,11.36,10903-6BMB27-1,150,17.1,1
11184-8NAX41,11184,2015/07/25,Retail,Completed,16.48,11184-8NAX41-1,240,25.75,1
11800-2RAC47,11800,2018/05/12,Online,Shipped,15.17,11800-2RAC47-1,340,14.41,1
11800-2RAC47,11800,2018/05/12,Online,Shipped,15.17,11800-2RAC47-2,150,17.1,2
11800-2RAC47,11800,2018/05/12,Online,Shipped,15.17,11800-2RAC47-3,150,19.0,1
11370-3YYY44,11370,2020/07/23,Retail,Completed,7.68,11370-3YYY44-1,210,97.0,1
10340-5NTP22,10340,2016/04/28,Online,Shipped,5.43,10340-5NTP22-1,230,75.75,4
12251-3JUU70,12251,2016/02/25,Online,Shipped,12.04,12251-3JUU70-1,220,53.0,2
12251-3JUU70,12251,2016/02/25,Online,Shipped,12.04,12251-3JUU70-2,240,25.5,1
12867-1LPU84,12867,2016/10/12,Online,Shipped,7.06,12867-1LPU84-1,140,25.76,1
10666-5CYQ99,10666,2017/05/13,Online,Shipped,16.43,10666-5CYQ99-1,130,29.12,1
12588-7QAO84,12588,2019/02/19,Online,Shipped,15.34,12588-7QAO84-1,110,41.41,1
12588-7QAO84,12588,2019/02/19,Online,Shipped,15.34,12588-7QAO84-2,410,202.4,1
12588-7QAO84,12588,2019/02/19,Online,Shipped,15.34,12588-7QAO84-3,140,24.38,1
12588-7QAO84,12588,2019/02/19,Online,Shipped,15.34,12588-7QAO84-4,340,9.24,2
11666-2PYL08,11666,2016/09/25,Online,Shipped,7.38,11666-2PYL08-1,210,103.0,1
11666-2PYL08,11666,2016/09/25,Online,Shipped,7.38,11666-2PYL08-2,340,10.67,1
10857-9PGU87,10857,2017/02/10,Online,Shipped,18.45,10857-9PGU87-1,210,89.0,1
12157-1RSH69,12157,2017/12/23,Online,Shipped,13.78,12157-1RSH69-1,130,29.76,1
12157-1RSH69,12157,2017/12/23,Online,Shipped,13.78,12157-1RSH69-2,150,18.43,1
12933-5DGV96,12933,2019/08/31,Online,Shipped,10.56,12933-5DGV96-1,320,67.32,1
11838-1ZBP04,11838,2017/03/08,Online,Shipped,9.81,11838-1ZBP04-1,230,69.75,1
10457-0FTV33,10457,2015/12/01,Online,Shipped,10.25,10457-0FTV33-1,140,23.69,1
10457-0FTV33,10457,2015/12/01,Online,Shipped,10.25,10457-0FTV33-2,320,64.68,1
10457-0FTV33,10457,2015/12/01,Online,Shipped,10.25,10457-0FTV33-3,440,1228.5,1
12720-4MUU07,12720,2018/12/07,Online,Shipped,9.33,12720-4MUU07-1,120,33.48,1
11466-9KBY97,11466,2018/04/06,Retail,Completed,9.22,11466-9KBY97-1,440,1485.0,1
11466-9KBY97,11466,2018/04/06,Retail,Completed,9.22,11466-9KBY97-2,160,15.2,1
10975-0OLJ91,10975,2019/07/01,Online,Shipped,6.77,10975-0OLJ91-1,110,43.05,1
10604-4DBA47,10604,2016/03/18,Online,Shipped,11.61,10604-4DBA47-1,150,17.86,1
12511-9PZD48,12511,2017/07/19,Online,Shipped,5.5,12511-9PZD48-1,120,42.48,1
10822-6MMZ89,10822,2018/09/23,Online,Shipped,11.02,10822-6MMZ89-1,230,84.75,1
11280-7ARD88,11280,2017/12/12,Online,Shipped,17.1,11280-7ARD88-1,140,20.47,4
12925-6ILY56,12925,2020/08/18,Retail,Completed,10.76,12925-6ILY56-1,330,76.23,1
11563-2ZPX10,11563,2016/08/01,Online,Shipped,12.17,11563-2ZPX10-1,240,27.75,1
11563-2ZPX10,11563,2016/08/01,Online,Shipped,12.17,11563-2ZPX10-2,140,29.44,1
12693-3TOI50,12693,2018/10/14,Online,Shipped,11.68,12693-3TOI50-1,340,11.66,1
11428-2YDL13,11428,2017/05/07,Online,Shipped,7.2,11428-2YDL13-1,120,32.4,1
11428-2YDL13,11428,2017/05/07,Online,Shipped,7.2,11428-2YDL13-2,130,27.52,1
12717-3RVT73,12717,2015/09/07,Online,Shipped,12.69,12717-3RVT73-1,150,16.34,1
12540-7TYV73,12540,2017/12/18,Online,Shipped,14.11,12540-7TYV73-1,330,99.99,1
12540-7TYV73,12540,2017/12/18,Online,Shipped,14.11,12540-7TYV73-2,160,13.92,1
12307-1TPA14,12307,2017/01/27,Online,Shipped,5.71,12307-1TPA14-1,140,26.22,1
12535-6LVP70,12535,2018/04/22,Online,Shipped,16.14,12535-6LVP70-1,430,705.6,1
10504-0ATW12,10504,2015/08/03,Retail,Completed,5.58,10504-0ATW12-1,160,17.44,1
11948-9CBH70,11948,2015/06/10,Online,Shipped,11.94,11948-9CBH70-1,110,41.82,1
11948-9CBH70,11948,2015/06/10,Online,Shipped,11.94,11948-9CBH70-2,140,24.15,1
12420-0PNR92,12420,2015/05/19,Retail,Completed,18.24,12420-0PNR92-1,160,17.44,1
12420-0PNR92,12420,2015/05/19,Retail,Completed,18.24,12420-0PNR92-2,140,24.84,1
11932-6ART71,11932,2016/03/12,Online,Shipped,10.0,11932-6ART71-1,240,25.0,1
11334-3ACS64,11334,2020/09/16,Online,Shipped,15.74,11334-3ACS64-1,130,32.0,1
11334-3ACS64,11334,2020/09/16,Online,Shipped,15.74,11334-3ACS64-2,330,102.96,1
11581-5NSA45,11581,2018/07/30,Online,Shipped,16.49,11581-5NSA45-1,240,23.25,1
11581-5NSA45,11581,2018/07/30,Online,Shipped,16.49,11581-5NSA45-2,160,13.44,1
11058-2IIQ52,11058,2019/12/24,Online,Shipped,8.44,11058-2IIQ52-1,240,23.75,1
10603-3OEV14,10603,2016/02/07,Online,Shipped,14.83,10603-3OEV14-1,110,40.18,1
10603-3OEV14,10603,2016/02/07,Online,Shipped,14.83,10603-3OEV14-2,160,15.68,1
11600-7ETN93,11600,2020/05/17,Online,Shipped,10.53,11600-7ETN93-1,120,39.6,1
10540-3OGH46,10540,2018/08/23,Online,Shipped,12.15,10540-3OGH46-1,160,16.96,1
10746-5XZW38,10746,2015/04/07,Online,Shipped,11.4,10746-5XZW38-1,330,86.13,1
12746-7HBN24,12746,2018/11/24,Online,Shipped,11.95,12746-7HBN24-1,340,10.67,1
12746-7HBN24,12746,2018/11/24,Online,Shipped,11.95,12746-7HBN24-2,330,97.02,1
12746-7HBN24,12746,2018/11/24,Online,Shipped,11.95,12746-7HBN24-3,140,26.22,1
12262-1COO15,12262,2017/08/15,Online,Shipped,17.96,12262-1COO15-1,160,14.88,4
11252-5KQX31,11252,2016/11/21,Retail,Completed,12.55,11252-5KQX31-1,150,19.57,1
11252-5KQX31,11252,2016/11/21,Retail,Completed,12.55,11252-5KQX31-2,220,48.5,1
11252-5KQX31,11252,2016/11/21,Retail,Completed,12.55,11252-5KQX31-3,410,188.6,1
11252-5KQX31,11252,2016/11/21,Retail,Completed,12.55,11252-5KQX31-4,230,84.75,1
11252-5KQX31,11252,2016/11/21,Retail,Completed,12.55,11252-5KQX31-5,160,17.76,2
11252-5KQX31,11252,2016/11/21,Retail,Completed,12.55,11252-5KQX31-6,160,15.36,1
11252-5KQX31,11252,2016/11/21,Retail,Completed,12.55,11252-5KQX31-7,230,73.5,2
12820-9EST21,12820,2016/01/03,Online,Shipped,17.02,12820-9EST21-1,220,54.0,1
11424-1QOJ98,11424,2017/04/19,Online,Shipped,10.45,11424-1QOJ98-1,150,19.76,1
11424-1QOJ98,11424,2017/04/19,Online,Shipped,10.45,11424-1QOJ98-2,150,19.57,1
11424-1QOJ98,11424,2017/04/19,Online,Shipped,10.45,11424-1QOJ98-3,210,84.0,1
10996-3VSA51,10996,2018/11/02,Online,Shipped,9.47,10996-3VSA51-1,110,38.95,1
10996-3VSA51,10996,2018/11/02,Online,Shipped,9.47,10996-3VSA51-2,230,64.5,1
10996-3VSA51,10996,2018/11/02,Online,Shipped,9.47,10996-3VSA51-3,140,29.67,1
12534-2NAH92,12534,2016/03/15,Online,Shipped,16.24,12534-2NAH92-1,120,36.36,1
12534-2NAH92,12534,2016/03/15,Online,Shipped,16.24,12534-2NAH92-2,130,29.44,1
12534-2NAH92,12534,2016/03/15,Online,Shipped,16.24,12534-2NAH92-3,430,799.2,1
10379-8RYF72,10379,2016/01/29,Online,Shipped,12.54,10379-8RYF72-1,220,55.5,1
10379-8RYF72,10379,2016/01/29,Online,Shipped,12.54,10379-8RYF72-2,160,15.84,1
11010-8MUC31,11010,2019/11/26,Online,Shipped,12.44,11010-8MUC31-1,140,27.37,1
11010-8MUC31,11010,2019/11/26,Online,Shipped,12.44,11010-8MUC31-2,240,25.5,1
11563-9AHM61,11563,2015/04/14,Retail,Completed,15.15,11563-9AHM61-1,230,87.75,2
12795-0TZZ16,12795,2019/12/08,Online,Shipped,6.78,12795-0TZZ16-1,150,16.34,1
10841-0SWJ02,10841,2017/12/19,Retail,Completed,18.71,10841-0SWJ02-1,130,33.28,1
10841-0SWJ02,10841,2017/12/19,Retail,Completed,18.71,10841-0SWJ02-2,150,18.05,1
11304-4PWV18,11304,2020/01/05,Online,Shipped,17.21,11304-4PWV18-1,140,25.99,1
10730-3XMV65,10730,2016/06/17,Online,Shipped,5.19,10730-3XMV65-1,120,35.28,3
10730-3XMV65,10730,2016/06/17,Online,Shipped,5.19,10730-3XMV65-2,230,71.25,2
10730-3XMV65,10730,2016/06/17,Online,Shipped,5.19,10730-3XMV65-3,120,35.28,1
12855-1TDO11,12855,2018/09/06,Online,Shipped,18.08,12855-1TDO11-1,320,73.26,1
12855-1TDO11,12855,2018/09/06,Online,Shipped,18.08,12855-1TDO11-2,320,54.12,1
12371-8LDO96,12371,2020/04/29,Retail,Completed,14.84,12371-8LDO96-1,120,36.36,1
12401-0FRJ61,12401,2020/09/12,Online,Shipped,7.63,12401-0FRJ61-1,130,27.2,1
12401-0FRJ61,12401,2020/09/12,Online,Shipped,7.63,12401-0FRJ61-2,150,17.48,1
12624-4XZK98,12624,2015/04/25,Online,Shipped,5.93,12624-4XZK98-1,130,33.28,1
10343-4HVQ69,10343,2017/02/07,Online,Shipped,13.98,10343-4HVQ69-1,120,41.4,3
10108-6JXD52,10108,2019/05/29,Online,Shipped,13.11,10108-6JXD52-1,160,16.96,1
12419-4CDZ22,12419,2020/10/31,Online,Shipped,11.0,12419-4CDZ22-1,220,54.5,1
12419-4CDZ22,12419,2020/10/31,Online,Shipped,11.0,12419-4CDZ22-2,410,197.8,1
12419-4CDZ22,12419,2020/10/31,Online,Shipped,11.0,12419-4CDZ22-3,160,16.8,1
12232-3EJT79,12232,2016/02/06,Retail,Completed,6.77,12232-3EJT79-1,230,79.5,1
12232-3EJT79,12232,2016/02/06,Retail,Completed,6.77,12232-3EJT79-2,210,103.0,1
12232-3EJT79,12232,2016/02/06,Retail,Completed,6.77,12232-3EJT79-3,220,51.0,1
10240-3MRH33,10240,2020/08/21,Retail,Completed,11.42,10240-3MRH33-1,240,23.25,2
10240-3MRH33,10240,2020/08/21,Retail,Completed,11.42,10240-3MRH33-2,120,36.0,1
10240-3MRH33,10240,2020/08/21,Retail,Completed,11.42,10240-3MRH33-3,240,27.0,1
10240-3MRH33,10240,2020/08/21,Retail,Completed,11.42,10240-3MRH33-4,230,62.25,1
11702-2CAC82,11702,2015/03/08,Retail,Completed,5.77,11702-2CAC82-1,230,78.0,1
11702-2CAC82,11702,2015/03/08,Retail,Completed,5.77,11702-2CAC82-2,130,33.28,3
11702-2CAC82,11702,2015/03/08,Retail,Completed,5.77,11702-2CAC82-3,240,25.0,1
11196-9ZEM85,11196,2019/01/08,Online,Shipped,10.42,11196-9ZEM85-1,230,75.0,1
11196-9ZEM85,11196,2019/01/08,Online,Shipped,10.42,11196-9ZEM85-2,330,104.94,1
12324-9MFN78,12324,2018/12/23,Online,Shipped,12.23,12324-9MFN78-1,160,17.12,1
12482-3LPU52,12482,2017/09/16,Online,Shipped,14.93,12482-3LPU52-1,330,121.77,1
12482-3LPU52,12482,2017/09/16,Online,Shipped,14.93,12482-3LPU52-2,140,24.61,1
12482-3LPU52,12482,2017/09/16,Online,Shipped,14.93,12482-3LPU52-3,130,29.12,1
10035-0BUO70,10035,2016/12/10,Online,Shipped,7.08,10035-0BUO70-1,140,17.48,1
10035-0BUO70,10035,2016/12/10,Online,Shipped,7.08,10035-0BUO70-2,320,54.12,1
10035-0BUO70,10035,2016/12/10,Online,Shipped,7.08,10035-0BUO70-3,140,25.07,1
11314-8YKY02,11314,2015/07/26,Online,Shipped,10.53,11314-8YKY02-1,330,92.07,1
11715-3VPK37,11715,2018/03/15,Online,Cancelled,8.95,11715-3VPK37-1,320,58.08,1
11715-3VPK37,11715,2018/03/15,Online,Cancelled,8.95,11715-3VPK37-2,320,66.0,1
12900-2BZI14,12900,2016/12/19,Online,Shipped,8.54,12900-2BZI14-1,140,20.24,3
12206-5RUM82,12206,2017/08/06,Online,Shipped,11.8,12206-5RUM82-1,220,58.5,1
12206-5RUM82,12206,2017/08/06,Online,Shipped,11.8,12206-5RUM82-2,220,52.0,1
12206-5RUM82,12206,2017/08/06,Online,Shipped,11.8,12206-5RUM82-3,240,22.5,1
11679-8NQG55,11679,2018/07/31,Retail,Completed,9.61,11679-8NQG55-1,230,84.0,4
12422-7OXJ76,12422,2019/07/01,Retail,Completed,12.57,12422-7OXJ76-1,330,95.04,1
12422-7OXJ76,12422,2019/07/01,Retail,Completed,12.57,12422-7OXJ76-2,240,26.75,1
12491-8QUJ62,12491,2017/01/14,Retail,Completed,5.36,12491-8QUJ62-1,150,19.19,1
10738-3KQY85,10738,2017/03/27,Online,Shipped,9.33,10738-3KQY85-1,130,35.2,1
11365-1YTN01,11365,2020/10/10,Retail,Completed,9.03,11365-1YTN01-1,130,32.96,1
10486-0OWW94,10486,2018/08/16,Online,Shipped,5.42,10486-0OWW94-1,150,19.0,2
11784-8FTJ35,11784,2015/04/05,Online,Shipped,14.9,11784-8FTJ35-1,330,99.99,1
12826-8DXO84,12826,2016/07/09,Online,Shipped,18.22,12826-8DXO84-1,160,14.72,1
12826-8DXO84,12826,2016/07/09,Online,Shipped,18.22,12826-8DXO84-2,340,12.21,1
12831-7SVU24,12831,2015/10/30,Online,Shipped,9.82,12831-7SVU24-1,140,20.93,2
11843-5CUD92,11843,2016/04/11,Online,Shipped,13.39,11843-5CUD92-1,160,15.2,1
11561-3VIA12,11561,2019/10/19,Retail,Completed,10.27,11561-3VIA12-1,130,35.84,1
11869-7LRJ04,11869,2018/09/09,Online,Shipped,6.01,11869-7LRJ04-1,240,26.25,2
11869-7LRJ04,11869,2018/09/09,Online,Shipped,6.01,11869-7LRJ04-2,140,22.54,4
11869-7LRJ04,11869,2018/09/09,Online,Shipped,6.01,11869-7LRJ04-3,330,103.95,1
11869-7LRJ04,11869,2018/09/09,Online,Shipped,6.01,11869-7LRJ04-4,240,29.25,2
10585-4EUL67,10585,2019/11/07,Online,Shipped,11.98,10585-4EUL67-1,210,96.0,1
10441-0EME79,10441,2017/01/20,Retail,Completed,7.23,10441-0EME79-1,330,110.88,1
12328-5AGK28,12328,2015/03/10,Retail,Completed,17.94,12328-5AGK28-1,140,21.39,1
12442-9XJM35,12442,2020/04/23,Online,Shipped,6.47,12442-9XJM35-1,340,10.67,1
11446-2BFQ70,11446,2017/06/08,Online,Shipped,12.15,11446-2BFQ70-1,340,14.41,1
11446-2BFQ70,11446,2017/06/08,Online,Shipped,12.15,11446-2BFQ70-2,140,24.61,1
11446-2BFQ70,11446,2017/06/08,Online,Shipped,12.15,11446-2BFQ70-3,210,94.0,1
10366-5GYG85,10366,2015/04/12,Online,Shipped,16.98,10366-5GYG85-1,160,15.04,1
10366-5GYG85,10366,2015/04/12,Online,Shipped,16.98,10366-5GYG85-2,340,11.66,1
10366-5GYG85,10366,2015/04/12,Online,Shipped,16.98,10366-5GYG85-3,240,25.0,1
10366-5GYG85,10366,2015/04/12,Online,Shipped,16.98,10366-5GYG85-4,220,56.0,1
10366-5GYG85,10366,2015/04/12,Online,Shipped,16.98,10366-5GYG85-5,440,1606.5,1
10366-5GYG85,10366,2015/04/12,Online,Shipped,16.98,10366-5GYG85-6,230,75.0,1
11242-8YSM76,11242,2017/08/16,Retail,Completed,15.74,11242-8YSM76-1,230,72.0,2
10594-4YVJ22,10594,2015/12/27,Online,Shipped,5.92,10594-4YVJ22-1,130,31.68,1
11541-8LHE00,11541,2020/09/25,Retail,Completed,13.97,11541-8LHE00-1,440,1417.5,1
11519-5WSO07,11519,2015/10/30,Online,Shipped,16.08,11519-5WSO07-1,130,32.32,1
11519-5WSO07,11519,2015/10/30,Online,Shipped,16.08,11519-5WSO07-2,240,20.75,1
11519-5WSO07,11519,2015/10/30,Online,Shipped,16.08,11519-5WSO07-3,140,20.24,1
10517-1KDU24,10517,2018/09/28,Online,Shipped,14.27,10517-1KDU24-1,140,21.85,1
10517-1KDU24,10517,2018/09/28,Online,Shipped,14.27,10517-1KDU24-2,320,73.26,4
10517-1KDU24,10517,2018/09/28,Online,Shipped,14.27,10517-1KDU24-3,430,612.0,1
12922-6VLC56,12922,2020/04/01,Online,Shipped,12.98,12922-6VLC56-1,330,117.81,1
12922-6VLC56,12922,2020/04/01,Online,Shipped,12.98,12922-6VLC56-2,150,21.28,1
10120-7OJN80,10120,2019/03/06,Retail,Completed,7.62,10120-7OJN80-1,320,71.28,2
10120-7OJN80,10120,2019/03/06,Retail,Completed,7.62,10120-7OJN80-2,120,41.76,1
11915-0NYU50,11915,2020/01/12,Online,Shipped,7.26,11915-0NYU50-1,230,77.25,1
11915-0NYU50,11915,2020/01/12,Online,Shipped,7.26,11915-0NYU50-2,140,24.15,1
11915-0NYU50,11915,2020/01/12,Online,Shipped,7.26,11915-0NYU50-3,220,46.5,1
11915-0NYU50,11915,2020/01/12,Online,Shipped,7.26,11915-0NYU50-4,150,13.68,1
10313-4WKZ70,10313,2015/04/28,Retail,Completed,8.66,10313-4WKZ70-1,140,23.92,1
10313-4WKZ70,10313,2015/04/28,Retail,Completed,8.66,10313-4WKZ70-2,240,23.75,1
10313-4WKZ70,10313,2015/04/28,Retail,Completed,8.66,10313-4WKZ70-3,160,16.0,1
12173-0EPA49,12173,2015/10/24,Online,Shipped,18.82,12173-0EPA49-1,150,18.24,1
12173-0EPA49,12173,2015/10/24,Online,Shipped,18.82,12173-0EPA49-2,210,95.0,1
12173-0EPA49,12173,2015/10/24,Online,Shipped,18.82,12173-0EPA49-3,320,63.36,2
12173-0EPA49,12173,2015/10/24,Online,Shipped,18.82,12173-0EPA49-4,110,36.9,1
11474-2FUG65,11474,2016/08/30,Online,Shipped,9.45,11474-2FUG65-1,140,22.31,3
11474-2FUG65,11474,2016/08/30,Online,Shipped,9.45,11474-2FUG65-2,160,14.4,1
11861-6INS87,11861,2016/02/04,Retail,Completed,18.58,11861-6INS87-1,150,18.43,1
10688-8QDS91,10688,2015/10/23,Online,Shipped,14.81,10688-8QDS91-1,150,19.57,1
10688-8QDS91,10688,2015/10/23,Online,Shipped,14.81,10688-8QDS91-2,230,76.5,1
11894-0YBZ30,11894,2017/07/14,Online,Shipped,12.52,11894-0YBZ30-1,240,26.25,1
11894-0YBZ30,11894,2017/07/14,Online,Shipped,12.52,11894-0YBZ30-2,240,23.75,1
11894-0YBZ30,11894,2017/07/14,Online,Shipped,12.52,11894-0YBZ30-3,340,11.66,1
11894-0YBZ30,11894,2017/07/14,Online,Shipped,12.52,11894-0YBZ30-4,230,78.0,1
10912-5CZA59,10912,2020/11/27,Retail,Completed,10.01,10912-5CZA59-1,150,20.71,1
11850-7PQX48,11850,2020/11/20,Online,Shipped,16.26,11850-7PQX48-1,160,19.36,1
10853-8XDU50,10853,2018/04/13,Online,Shipped,15.6,10853-8XDU50-1,320,70.62,1
11795-0YEO10,11795,2015/06/20,Online,Shipped,5.11,11795-0YEO10-1,220,51.5,1
11795-0YEO10,11795,2015/06/20,Online,Shipped,5.11,11795-0YEO10-2,220,50.0,1
11984-6RDF03,11984,2015/02/01,Online,Shipped,7.34,11984-6RDF03-1,230,85.5,1
11984-6RDF03,11984,2015/02/01,Online,Shipped,7.34,11984-6RDF03-2,120,42.48,1
11984-6RDF03,11984,2015/02/01,Online,Shipped,7.34,11984-6RDF03-3,440,1147.5,1
12206-3VZJ36,12206,2019/11/10,Retail,Completed,13.21,12206-3VZJ36-1,340,11.66,1
12206-3VZJ36,12206,2019/11/10,Retail,Completed,13.21,12206-3VZJ36-2,340,12.43,1
10150-1YUZ02,10150,2018/06/25,Retail,Completed,9.23,10150-1YUZ02-1,320,76.56,1
12660-1SHY51,12660,2019/09/27,Online,Shipped,12.52,12660-1SHY51-1,160,18.4,1
12660-1SHY51,12660,2019/09/27,Online,Shipped,12.52,12660-1SHY51-2,340,13.64,1
12889-4KDN83,12889,2019/11/15,Online,Shipped,13.64,12889-4KDN83-1,220,47.5,2
10880-7AQL11,10880,2020/05/12,Online,Shipped,6.06,10880-7AQL11-1,340,12.1,1
12144-1AYP96,12144,2015/09/05,Online,Shipped,7.53,12144-1AYP96-1,140,21.85,4
12144-1AYP96,12144,2015/09/05,Online,Shipped,7.53,12144-1AYP96-2,160,16.96,2
12144-1AYP96,12144,2015/09/05,Online,Shipped,7.53,12144-1AYP96-3,160,15.36,1
11283-9SGF83,11283,2017/01/05,Online,Shipped,13.7,11283-9SGF83-1,110,42.23,1
11283-9SGF83,11283,2017/01/05,Online,Shipped,13.7,11283-9SGF83-2,320,62.7,1
10734-8VMO59,10734,2020/12/11,Online,Shipped,10.42,10734-8VMO59-1,340,9.57,1
10995-7STM47,10995,2016/02/24,Online,Shipped,15.65,10995-7STM47-1,160,18.4,1
11743-4MCB40,11743,2018/05/07,Online,Shipped,18.86,11743-4MCB40-1,240,21.0,1
11379-5JJY82,11379,2017/05/05,Online,Shipped,8.7,11379-5JJY82-1,330,95.04,1
10604-8WAB67,10604,2015/10/22,Online,Shipped,13.01,10604-8WAB67-1,240,24.75,1
10442-8AZP18,10442,2017/08/30,Online,Shipped,15.16,10442-8AZP18-1,220,51.0,1
10442-8AZP18,10442,2017/08/30,Online,Shipped,15.16,10442-8AZP18-2,160,16.0,4
10442-8AZP18,10442,2017/08/30,Online,Shipped,15.16,10442-8AZP18-3,160,15.36,1
10444-2YEP82,10444,2019/11/12,Online,Shipped,17.47,10444-2YEP82-1,150,22.42,1
12860-2MQB52,12860,2016/06/30,Online,Shipped,14.37,12860-2MQB52-1,120,38.16,1
12860-2MQB52,12860,2016/06/30,Online,Shipped,14.37,12860-2MQB52-2,320,74.58,1
12860-2MQB52,12860,2016/06/30,Online,Shipped,14.37,12860-2MQB52-3,120,39.6,1
11626-2LGT86,11626,2019/07/03,Retail,Returned,6.59,11626-2LGT86-1,160,15.52,1
11626-2LGT86,11626,2019/07/03,Retail,Returned,6.59,11626-2LGT86-2,160,14.4,1
12091-9CPF80,12091,2016/01/07,Online,Shipped,18.56,12091-9CPF80-1,150,16.15,1
12836-4EHI03,12836,2015/08/15,Online,Shipped,10.06,12836-4EHI03-1,140,28.29,1
12836-4EHI03,12836,2015/08/15,Online,Shipped,10.06,12836-4EHI03-2,330,116.82,1
12836-4EHI03,12836,2015/08/15,Online,Shipped,10.06,12836-4EHI03-3,330,112.86,1
12836-4EHI03,12836,2015/08/15,Online,Shipped,10.06,12836-4EHI03-4,320,65.34,1
10038-9APZ88,10038,2015/10/11,Retail,Completed,13.79,10038-9APZ88-1,130,33.28,1
10038-9APZ88,10038,2015/10/11,Retail,Completed,13.79,10038-9APZ88-2,340,10.67,1
10038-9APZ88,10038,2015/10/11,Retail,Completed,13.79,10038-9APZ88-3,220,49.5,1
10038-9APZ88,10038,2015/10/11,Retail,Completed,13.79,10038-9APZ88-4,150,22.61,1
12409-1PTQ85,12409,2019/05/09,Online,Shipped,12.28,12409-1PTQ85-1,130,34.24,1
12409-1PTQ85,12409,2019/05/09,Online,Shipped,12.28,12409-1PTQ85-2,240,25.25,1
12409-1PTQ85,12409,2019/05/09,Online,Shipped,12.28,12409-1PTQ85-3,150,19.0,1
11200-1JNJ30,11200,2015/08/05,Online,Shipped,18.29,11200-1JNJ30-1,150,19.38,1
11200-1JNJ30,11200,2015/08/05,Online,Shipped,18.29,11200-1JNJ30-2,430,727.2,1
10515-7CTQ25,10515,2015/08/21,Online,Shipped,14.6,10515-7CTQ25-1,160,14.88,1
10336-7FRD12,10336,2015/03/03,Online,Shipped,14.83,10336-7FRD12-1,240,20.0,3
10336-7FRD12,10336,2015/03/03,Online,Shipped,14.83,10336-7FRD12-2,330,88.11,1
12840-2WMC54,12840,2019/02/17,Online,Shipped,14.69,12840-2WMC54-1,240,29.75,1
10566-7NNK43,10566,2018/07/19,Online,Shipped,16.87,10566-7NNK43-1,310,33.99,1
11640-5SKN27,11640,2018/05/18,Online,Shipped,6.99,11640-5SKN27-1,330,110.88,1
10723-7GGF15,10723,2018/07/07,Online,Shipped,10.79,10723-7GGF15-1,160,13.44,1
10046-8IPS79,10046,2018/09/21,Online,Shipped,15.85,10046-8IPS79-1,340,10.56,1
10046-8IPS79,10046,2018/09/21,Online,Shipped,15.85,10046-8IPS79-2,330,94.05,1
12613-0QKE16,12613,2016/05/20,Online,Shipped,16.2,12613-0QKE16-1,340,11.33,1
12565-1OVR64,12565,2016/03/24,Retail,Completed,13.21,12565-1OVR64-1,130,34.56,1
12211-2XCV51,12211,2016/08/03,Online,Shipped,16.9,12211-2XCV51-1,160,15.52,4
10698-0IEP93,10698,2020/05/14,Online,Shipped,16.99,10698-0IEP93-1,160,15.04,1
10698-0IEP93,10698,2020/05/14,Online,Shipped,16.99,10698-0IEP93-2,420,571.2,1
10698-0IEP93,10698,2020/05/14,Online,Shipped,16.99,10698-0IEP93-3,160,16.16,1
11477-7EEE17,11477,2015/07/01,Retail,Completed,11.16,11477-7EEE17-1,140,23.0,1
11477-7EEE17,11477,2015/07/01,Retail,Completed,11.16,11477-7EEE17-2,110,33.62,1
12611-9HPT96,12611,2016/07/12,Online,Shipped,14.38,12611-9HPT96-1,150,19.19,1
12550-3JXW34,12550,2017/10/13,Online,Shipped,18.29,12550-3JXW34-1,130,35.52,1
12550-3JXW34,12550,2017/10/13,Online,Shipped,18.29,12550-3JXW34-2,160,13.28,1
12550-3JXW34,12550,2017/10/13,Online,Shipped,18.29,12550-3JXW34-3,340,11.33,1
11549-5ITL33,11549,2019/10/03,Retail,Completed,11.53,11549-5ITL33-1,120,41.4,1
10101-5JTB85,10101,2017/06/17,Online,Shipped,14.57,10101-5JTB85-1,330,112.86,1
12655-1BTJ31,12655,2018/09/26,Online,Shipped,11.93,12655-1BTJ31-1,150,18.62,1
12655-1BTJ31,12655,2018/09/26,Online,Shipped,11.93,12655-1BTJ31-2,440,1444.5,1
12525-0MZM83,12525,2015/08/24,Online,Shipped,6.95,12525-0MZM83-1,120,41.76,1
11393-0AKE07,11393,2020/12/06,Retail,Completed,9.37,11393-0AKE07-1,330,89.1,1
11393-0AKE07,11393,2020/12/06,Retail,Completed,9.37,11393-0AKE07-2,140,23.92,1
11393-0AKE07,11393,2020/12/06,Retail,Completed,9.37,11393-0AKE07-3,410,204.7,1
11393-0AKE07,11393,2020/12/06,Retail,Completed,9.37,11393-0AKE07-4,440,1336.5,1
11393-0AKE07,11393,2020/12/06,Retail,Completed,9.37,11393-0AKE07-5,230,75.75,1
11393-0AKE07,11393,2020/12/06,Retail,Completed,9.37,11393-0AKE07-6,120,37.08,1
10689-8UJV56,10689,2019/04/10,Online,Shipped,8.37,10689-8UJV56-1,160,18.56,1
10454-0JNL34,10454,2015/04/05,Online,Shipped,11.08,10454-0JNL34-1,160,17.12,1
11977-0IBQ60,11977,2016/10/03,Online,Shipped,17.65,11977-0IBQ60-1,120,33.48,1
10350-8TIZ88,10350,2017/12/08,Retail,Completed,9.97,10350-8TIZ88-1,160,16.32,1
11421-0OBQ68,11421,2015/10/25,Retail,Completed,6.98,11421-0OBQ68-1,120,39.6,1
11421-0OBQ68,11421,2015/10/25,Retail,Completed,6.98,11421-0OBQ68-2,240,28.0,1
12428-7FAY93,12428,2019/07/25,Online,Shipped,17.28,12428-7FAY93-1,230,63.0,1
11394-1JIV61,11394,2015/10/19,Online,Shipped,16.27,11394-1JIV61-1,140,25.99,1
10375-9PTG43,10375,2020/11/28,Retail,Completed,16.75,10375-9PTG43-1,140,27.83,1
11063-7RRI46,11063,2017/02/08,Online,Shipped,6.23,11063-7RRI46-1,340,10.89,1
11063-7RRI46,11063,2017/02/08,Online,Shipped,6.23,11063-7RRI46-2,120,35.64,1
12347-7TTU36,12347,2018/02/22,Retail,Completed,11.68,12347-7TTU36-1,150,18.43,1
10480-2DXX07,10480,2018/10/01,Online,Shipped,15.15,10480-2DXX07-1,110,39.36,1
10548-4TKK88,10548,2019/09/29,Online,Shipped,13.5,10548-4TKK88-1,240,28.25,1
11529-3SWO91,11529,2018/06/17,Retail,Completed,17.58,11529-3SWO91-1,240,24.25,1
11529-3SWO91,11529,2018/06/17,Retail,Completed,17.58,11529-3SWO91-2,140,25.07,4
11529-3SWO91,11529,2018/06/17,Retail,Completed,17.58,11529-3SWO91-3,220,59.0,1
11529-3SWO91,11529,2018/06/17,Retail,Completed,17.58,11529-3SWO91-4,150,18.62,3
12628-8OPG98,12628,2016/04/03,Online,Shipped,14.02,12628-8OPG98-1,220,50.0,1
11981-1AMD36,11981,2015/07/01,Online,Shipped,9.43,11981-1AMD36-1,340,10.56,1
11427-6OLU44,11427,2015/05/02,Retail,Completed,6.69,11427-6OLU44-1,240,27.0,2
11861-2CXY49,11861,2019/10/14,Retail,Completed,7.57,11861-2CXY49-1,160,17.28,1
10338-9NBQ12,10338,2019/11/04,Retail,Completed,17.89,10338-9NBQ12-1,410,243.8,1
10242-0QGE66,10242,2016/01/24,Retail,Completed,14.73,10242-0QGE66-1,230,83.25,1
10242-0QGE66,10242,2016/01/24,Retail,Completed,14.73,10242-0QGE66-2,130,34.88,3
10242-0QGE66,10242,2016/01/24,Retail,Completed,14.73,10242-0QGE66-3,140,23.0,1
10102-6ZKK66,10102,2017/04/15,Online,Shipped,7.11,10102-6ZKK66-1,340,10.89,2
10102-6ZKK66,10102,2017/04/15,Online,Shipped,7.11,10102-6ZKK66-2,130,37.44,2
10215-6NPL34,10215,2017/06/24,Online,Shipped,16.8,10215-6NPL34-1,340,11.22,1
10337-6EKO10,10337,2015/03/19,Online,Shipped,11.03,10337-6EKO10-1,420,547.2,1
10337-6EKO10,10337,2015/03/19,Online,Shipped,11.03,10337-6EKO10-2,150,19.0,1
10337-6EKO10,10337,2015/03/19,Online,Shipped,11.03,10337-6EKO10-3,120,33.48,1
10345-7XOY15,10345,2018/08/06,Online,Shipped,5.37,10345-7XOY15-1,160,14.4,1
10345-7XOY15,10345,2018/08/06,Online,Shipped,5.37,10345-7XOY15-2,160,15.68,1
10345-7XOY15,10345,2018/08/06,Online,Shipped,5.37,10345-7XOY15-3,230,88.5,1
10666-5XRT96,10666,2019/06/13,Online,Shipped,16.88,10666-5XRT96-1,240,26.5,1
10666-5XRT96,10666,2019/06/13,Online,Shipped,16.88,10666-5XRT96-2,150,21.28,1
10666-5XRT96,10666,2019/06/13,Online,Shipped,16.88,10666-5XRT96-3,330,99.99,1
10666-5XRT96,10666,2019/06/13,Online,Shipped,16.88,10666-5XRT96-4,340,9.68,1
10666-5XRT96,10666,2019/06/13,Online,Shipped,16.88,10666-5XRT96-5,120,36.72,1
10666-5XRT96,10666,2019/06/13,Online,Shipped,16.88,10666-5XRT96-6,420,441.6,1
10666-5XRT96,10666,2019/06/13,Online,Shipped,16.88,10666-5XRT96-7,160,14.4,2
11728-3VLU52,11728,2017/11/06,Online,Shipped,14.07,11728-3VLU52-1,440,1269.0,1
11728-3VLU52,11728,2017/11/06,Online,Shipped,14.07,11728-3VLU52-2,140,26.91,1
11728-3VLU52,11728,2017/11/06,Online,Shipped,14.07,11728-3VLU52-3,160,18.24,2
10373-7SHX03,10373,2017/07/29,Online,Shipped,9.35,10373-7SHX03-1,150,19.19,2
10373-7SHX03,10373,2017/07/29,Online,Shipped,9.35,10373-7SHX03-2,160,14.56,2
12768-0ECP80,12768,2019/05/15,Online,Shipped,11.17,12768-0ECP80-1,130,32.96,1
12779-0VVK49,12779,2018/08/19,Online,Shipped,12.43,12779-0VVK49-1,150,19.95,1
10229-6KZJ20,10229,2018/07/19,Online,Shipped,14.58,10229-6KZJ20-1,160,14.56,1
11981-5JQF09,11981,2017/03/31,Retail,Completed,17.05,11981-5JQF09-1,160,12.64,1
10203-0BEF66,10203,2015/06/14,Online,Shipped,7.7,10203-0BEF66-1,220,52.0,1
10203-0BEF66,10203,2015/06/14,Online,Shipped,7.7,10203-0BEF66-2,320,61.38,1
10203-0BEF66,10203,2015/06/14,Online,Shipped,7.7,10203-0BEF66-3,110,37.72,1
10203-0BEF66,10203,2015/06/14,Online,Shipped,7.7,10203-0BEF66-4,120,37.44,2
11065-9GMP23,11065,2017/09/03,Online,Shipped,5.88,11065-9GMP23-1,310,31.68,1
11065-9GMP23,11065,2017/09/03,Online,Shipped,5.88,11065-9GMP23-2,230,72.75,1
11768-6QGB39,11768,2018/12/04,Retail,Completed,6.52,11768-6QGB39-1,150,19.19,1
11768-6QGB39,11768,2018/12/04,Retail,Completed,6.52,11768-6QGB39-2,110,38.95,1
11319-0TZV09,11319,2017/07/28,Retail,Completed,14.58,11319-0TZV09-1,160,15.2,1
10312-4DYB74,10312,2016/03/16,Online,Shipped,15.98,10312-4DYB74-1,240,20.75,1
10493-6QZJ05,10493,2016/02/20,Retail,Completed,17.37,10493-6QZJ05-1,160,15.68,1
10493-6QZJ05,10493,2016/02/20,Retail,Completed,17.37,10493-6QZJ05-2,110,37.72,1
10493-6QZJ05,10493,2016/02/20,Retail,Completed,17.37,10493-6QZJ05-3,160,15.36,1
10493-6QZJ05,10493,2016/02/20,Retail,Completed,17.37,10493-6QZJ05-4,420,369.6,1
10493-6QZJ05,10493,2016/02/20,Retail,Completed,17.37,10493-6QZJ05-5,160,16.0,1
10493-6QZJ05,10493,2016/02/20,Retail,Completed,17.37,10493-6QZJ05-6,120,34.56,1
10064-4TPK41,10064,2019/03/25,Online,Shipped,10.09,10064-4TPK41-1,140,20.47,1
10064-4TPK41,10064,2019/03/25,Online,Shipped,10.09,10064-4TPK41-2,410,255.3,1
10064-4TPK41,10064,2019/03/25,Online,Shipped,10.09,10064-4TPK41-3,240,27.75,1
10064-4TPK41,10064,2019/03/25,Online,Shipped,10.09,10064-4TPK41-4,160,19.04,1
10064-4TPK41,10064,2019/03/25,Online,Shipped,10.09,10064-4TPK41-5,340,12.1,1
10064-4TPK41,10064,2019/03/25,Online,Shipped,10.09,10064-4TPK41-6,140,23.46,1
10064-4TPK41,10064,2019/03/25,Online,Shipped,10.09,10064-4TPK41-7,240,27.75,1
10064-4TPK41,10064,2019/03/25,Online,Shipped,10.09,10064-4TPK41-8,120,37.08,1
10355-7RNJ48,10355,2015/12/31,Online,Shipped,12.7,10355-7RNJ48-1,120,38.16,1
10355-7RNJ48,10355,2015/12/31,Online,Shipped,12.7,10355-7RNJ48-2,340,11.55,1
10355-7RNJ48,10355,2015/12/31,Online,Shipped,12.7,10355-7RNJ48-3,140,24.15,4
12885-2PEL88,12885,2018/03/24,Online,Shipped,8.7,12885-2PEL88-1,330,103.95,1
12885-2PEL88,12885,2018/03/24,Online,Shipped,8.7,12885-2PEL88-2,150,19.57,1
12885-2PEL88,12885,2018/03/24,Online,Shipped,8.7,12885-2PEL88-3,140,25.76,1
12885-2PEL88,12885,2018/03/24,Online,Shipped,8.7,12885-2PEL88-4,160,18.56,2
12885-2PEL88,12885,2018/03/24,Online,Shipped,8.7,12885-2PEL88-5,230,70.5,1
12885-2PEL88,12885,2018/03/24,Online,Shipped,8.7,12885-2PEL88-6,110,49.61,1
12885-2PEL88,12885,2018/03/24,Online,Shipped,8.7,12885-2PEL88-7,110,32.8,1
10090-2JKW11,10090,2019/03/04,Online,Shipped,6.47,10090-2JKW11-1,150,17.29,1
11120-4FCN72,11120,2016/06/28,Online,Shipped,11.58,11120-4FCN72-1,440,1228.5,1
11120-4FCN72,11120,2016/06/28,Online,Shipped,11.58,11120-4FCN72-2,430,662.4,1
11120-4FCN72,11120,2016/06/28,Online,Shipped,11.58,11120-4FCN72-3,330,109.89,1
11120-4FCN72,11120,2016/06/28,Online,Shipped,11.58,11120-4FCN72-4,120,36.72,1
11120-4FCN72,11120,2016/06/28,Online,Shipped,11.58,11120-4FCN72-5,240,28.0,4
11120-4FCN72,11120,2016/06/28,Online,Shipped,11.58,11120-4FCN72-6,340,10.12,1
10493-2QNJ53,10493,2018/04/29,Retail,Completed,8.41,10493-2QNJ53-1,110,43.87,1
12668-1EAF88,12668,2019/02/19,Online,Shipped,10.05,12668-1EAF88-1,240,30.25,1
11403-7JHE71,11403,2020/08/13,Retail,Completed,11.54,11403-7JHE71-1,320,64.02,1
11403-7JHE71,11403,2020/08/13,Retail,Completed,11.54,11403-7JHE71-2,160,14.24,1
12559-0EBH73,12559,2016/12/25,Online,Shipped,7.75,12559-0EBH73-1,120,39.6,1
10266-7PBX59,10266,2017/05/20,Online,Shipped,15.72,10266-7PBX59-1,130,35.84,1
12538-8PTR20,12538,2020/11/04,Retail,Completed,11.37,12538-8PTR20-1,230,72.75,1
11965-5JQF35,11965,2018/02/06,Online,Shipped,9.95,11965-5JQF35-1,310,31.02,4
10057-3CZX36,10057,2016/12/09,Online,Shipped,12.75,10057-3CZX36-1,330,91.08,1
10926-4VKJ35,10926,2018/05/29,Online,Shipped,6.28,10926-4VKJ35-1,130,26.88,1
10926-4VKJ35,10926,2018/05/29,Online,Shipped,6.28,10926-4VKJ35-2,120,36.72,1
11287-3DOK18,11287,2020/01/30,Online,Shipped,15.82,11287-3DOK18-1,330,89.1,1
11287-3DOK18,11287,2020/01/30,Online,Shipped,15.82,11287-3DOK18-2,120,33.84,1
11287-3DOK18,11287,2020/01/30,Online,Shipped,15.82,11287-3DOK18-3,120,36.36,1
11287-3DOK18,11287,2020/01/30,Online,Shipped,15.82,11287-3DOK18-4,160,17.92,1
12665-5WIW23,12665,2020/04/17,Online,Shipped,16.89,12665-5WIW23-1,340,10.89,1
12684-2OEL24,12684,2019/12/05,Retail,Completed,10.08,12684-2OEL24-1,220,55.5,1
12684-2OEL24,12684,2019/12/05,Retail,Completed,10.08,12684-2OEL24-2,330,106.92,1
12684-2OEL24,12684,2019/12/05,Retail,Completed,10.08,12684-2OEL24-3,240,23.5,1
12684-2OEL24,12684,2019/12/05,Retail,Completed,10.08,12684-2OEL24-4,160,15.36,1
12909-0ARO04,12909,2016/06/28,Retail,Completed,12.49,12909-0ARO04-1,160,16.64,1
10120-1NUP74,10120,2020/12/05,Online,Shipped,11.19,10120-1NUP74-1,120,30.24,1
10952-4DMK66,10952,2018/10/18,Online,Shipped,14.46,10952-4DMK66-1,230,70.5,1
11901-9XHU83,11901,2019/03/27,Retail,Returned,8.61,11901-9XHU83-1,310,34.32,1
11341-3YND83,11341,2015/05/22,Online,Shipped,12.42,11341-3YND83-1,130,31.04,1
11545-0LAN31,11545,2018/06/09,Online,Shipped,5.41,11545-0LAN31-1,130,28.16,1
11545-0LAN31,11545,2018/06/09,Online,Shipped,5.41,11545-0LAN31-2,340,11.77,1
11545-0LAN31,11545,2018/06/09,Online,Shipped,5.41,11545-0LAN31-3,150,20.14,1
11879-0WGX61,11879,2015/05/21,Retail,Completed,11.56,11879-0WGX61-1,140,25.53,1
10218-6WBU31,10218,2016/07/03,Online,Shipped,10.08,10218-6WBU31-1,120,39.96,3
10218-6WBU31,10218,2016/07/03,Online,Shipped,10.08,10218-6WBU31-2,230,62.25,1
10218-6WBU31,10218,2016/07/03,Online,Shipped,10.08,10218-6WBU31-3,150,19.19,1
11453-6WVN22,11453,2020/05/02,Online,Shipped,7.9,11453-6WVN22-1,150,22.04,1
12929-5FHX78,12929,2020/03/03,Online,Shipped,13.57,12929-5FHX78-1,230,84.75,1
12859-6BPU93,12859,2017/07/23,Online,Shipped,10.15,12859-6BPU93-1,160,14.08,1
12271-7IYQ78,12271,2018/02/08,Online,Shipped,9.35,12271-7IYQ78-1,230,84.0,1
12384-5CTI44,12384,2016/05/09,Retail,Completed,15.76,12384-5CTI44-1,440,1296.0,1
12384-5CTI44,12384,2016/05/09,Retail,Completed,15.76,12384-5CTI44-2,240,22.5,2
10799-5JDC55,10799,2020/09/28,Online,Shipped,8.9,10799-5JDC55-1,430,878.4,1
10834-6PWU94,10834,2018/05/25,Retail,Completed,12.11,10834-6PWU94-1,110,39.36,1
10834-6PWU94,10834,2018/05/25,Retail,Completed,12.11,10834-6PWU94-2,160,16.0,1
11633-2ETC06,11633,2015/07/09,Online,Shipped,10.26,11633-2ETC06-1,160,16.0,2
11611-2GEV93,11611,2019/09/24,Online,Shipped,14.56,11611-2GEV93-1,240,26.25,1
12345-8RBI07,12345,2018/05/20,Retail,Completed,15.79,12345-8RBI07-1,240,24.25,4
10127-5RME48,10127,2020/06/15,Retail,Completed,14.3,10127-5RME48-1,120,28.8,1
10215-1TXG81,10215,2017/01/10,Online,Shipped,16.59,10215-1TXG81-1,130,31.68,1
12444-9FXI04,12444,2018/09/23,Retail,Completed,16.66,12444-9FXI04-1,160,13.92,1
12444-9FXI04,12444,2018/09/23,Retail,Completed,16.66,12444-9FXI04-2,160,15.52,1
10146-1ONZ33,10146,2015/01/23,Online,Shipped,17.31,10146-1ONZ33-1,160,18.08,1
10262-5NPN54,10262,2019/01/27,Online,Shipped,7.06,10262-5NPN54-1,130,36.16,1
10262-5NPN54,10262,2019/01/27,Online,Shipped,7.06,10262-5NPN54-2,210,115.0,1
11367-1JKF52,11367,2017/06/25,Online,Shipped,8.34,11367-1JKF52-1,210,95.0,1
11367-1JKF52,11367,2017/06/25,Online,Shipped,8.34,11367-1JKF52-2,420,432.0,2
11367-1JKF52,11367,2017/06/25,Online,Shipped,8.34,11367-1JKF52-3,310,33.66,1
11367-1JKF52,11367,2017/06/25,Online,Shipped,8.34,11367-1JKF52-4,160,19.52,1
11367-1JKF52,11367,2017/06/25,Online,Shipped,8.34,11367-1JKF52-5,160,15.36,1
11367-1JKF52,11367,2017/06/25,Online,Shipped,8.34,11367-1JKF52-6,160,16.32,1
10162-2ZEJ77,10162,2016/03/23,Online,Shipped,8.91,10162-2ZEJ77-1,150,21.47,1
10162-2ZEJ77,10162,2016/03/23,Online,Shipped,8.91,10162-2ZEJ77-2,160,14.24,1
10162-2ZEJ77,10162,2016/03/23,Online,Shipped,8.91,10162-2ZEJ77-3,320,68.64,1
10162-2ZEJ77,10162,2016/03/23,Online,Shipped,8.91,10162-2ZEJ77-4,330,99.0,1
11675-8XJP03,11675,2015/12/06,Online,Shipped,13.13,11675-8XJP03-1,240,23.5,2
11675-8XJP03,11675,2015/12/06,Online,Shipped,13.13,11675-8XJP03-2,130,31.36,1
12424-9JZH29,12424,2017/09/19,Online,Shipped,9.07,12424-9JZH29-1,150,16.34,1
10719-0ZUI39,10719,2020/07/19,Online,Shipped,7.85,10719-0ZUI39-1,230,85.5,1
10719-0ZUI39,10719,2020/07/19,Online,Shipped,7.85,10719-0ZUI39-2,230,59.25,1
11571-6GMK41,11571,2018/04/11,Online,Shipped,5.85,11571-6GMK41-1,150,19.76,1
10004-6MPO85,10004,2020/11/09,Online,Shipped,14.53,10004-6MPO85-1,440,1444.5,1
10004-6MPO85,10004,2020/11/09,Online,Shipped,14.53,10004-6MPO85-2,240,29.75,1
10004-6MPO85,10004,2020/11/09,Online,Shipped,14.53,10004-6MPO85-3,150,22.04,1
11344-6AIT42,11344,2016/08/31,Online,Shipped,8.12,11344-6AIT42-1,240,25.75,1
11344-6AIT42,11344,2016/08/31,Online,Shipped,8.12,11344-6AIT42-2,340,12.32,1
11344-6AIT42,11344,2016/08/31,Online,Shipped,8.12,11344-6AIT42-3,130,37.44,1
11344-6AIT42,11344,2016/08/31,Online,Shipped,8.12,11344-6AIT42-4,230,70.5,1
11344-6AIT42,11344,2016/08/31,Online,Shipped,8.12,11344-6AIT42-5,110,40.18,1
11323-8JAW05,11323,2015/02/16,Online,Shipped,7.24,11323-8JAW05-1,330,104.94,1
11323-8JAW05,11323,2015/02/16,Online,Shipped,7.24,11323-8JAW05-2,140,20.7,4
10500-7HFB64,10500,2016/10/23,Online,Shipped,16.83,10500-7HFB64-1,230,76.5,1
11572-3GEI52,11572,2019/08/22,Online,Shipped,9.18,11572-3GEI52-1,150,19.95,1
11572-3GEI52,11572,2019/08/22,Online,Shipped,9.18,11572-3GEI52-2,410,239.2,1
11572-3GEI52,11572,2019/08/22,Online,Shipped,9.18,11572-3GEI52-3,220,51.0,1
11460-3NWA83,11460,2020/02/23,Online,Shipped,5.93,11460-3NWA83-1,160,16.48,1
11460-3NWA83,11460,2020/02/23,Online,Shipped,5.93,11460-3NWA83-2,150,20.14,3
10641-6BGN42,10641,2015/10/14,Retail,Completed,5.04,10641-6BGN42-1,340,10.01,1
10641-6BGN42,10641,2015/10/14,Retail,Completed,5.04,10641-6BGN42-2,340,9.79,1
10641-6BGN42,10641,2015/10/14,Retail,Completed,5.04,10641-6BGN42-3,410,193.2,1
10641-6BGN42,10641,2015/10/14,Retail,Completed,5.04,10641-6BGN42-4,140,22.08,1
10641-6BGN42,10641,2015/10/14,Retail,Completed,5.04,10641-6BGN42-5,330,110.88,1
10641-6BGN42,10641,2015/10/14,Retail,Completed,5.04,10641-6BGN42-6,240,31.75,3
10641-6BGN42,10641,2015/10/14,Retail,Completed,5.04,10641-6BGN42-7,240,29.0,1
10641-6BGN42,10641,2015/10/14,Retail,Completed,5.04,10641-6BGN42-8,140,24.61,1
11627-2JWI83,11627,2015/08/06,Online,Shipped,9.13,11627-2JWI83-1,140,25.99,1
11627-2JWI83,11627,2015/08/06,Online,Shipped,9.13,11627-2JWI83-2,150,19.57,1
11627-2JWI83,11627,2015/08/06,Online,Shipped,9.13,11627-2JWI83-3,140,22.54,1
11627-2JWI83,11627,2015/08/06,Online,Shipped,9.13,11627-2JWI83-4,320,66.66,1
11627-2JWI83,11627,2015/08/06,Online,Shipped,9.13,11627-2JWI83-5,150,22.23,1
12944-9RLE68,12944,2017/05/01,Online,Shipped,11.99,12944-9RLE68-1,240,27.75,1
12009-4XIU71,12009,2019/12/09,Online,Shipped,11.37,12009-4XIU71-1,420,470.4,1
10103-1EDB41,10103,2020/11/30,Online,Shipped,18.84,10103-1EDB41-1,230,84.0,1
11098-3WJA82,11098,2016/06/21,Online,Shipped,5.38,11098-3WJA82-1,150,19.19,1
11098-3WJA82,11098,2016/06/21,Online,Shipped,5.38,11098-3WJA82-2,140,23.92,2
11098-3WJA82,11098,2016/06/21,Online,Shipped,5.38,11098-3WJA82-3,160,15.84,1
11098-3WJA82,11098,2016/06/21,Online,Shipped,5.38,11098-3WJA82-4,150,12.73,1
10127-7YFJ13,10127,2018/09/11,Online,Shipped,15.73,10127-7YFJ13-1,140,20.47,1
12889-7LJQ82,12889,2016/07/03,Online,Shipped,16.32,12889-7LJQ82-1,140,25.3,1
12889-7LJQ82,12889,2016/07/03,Online,Shipped,16.32,12889-7LJQ82-2,340,9.79,2
12771-7IYT27,12771,2017/06/30,Retail,Completed,9.01,12771-7IYT27-1,110,41.0,1
12771-7IYT27,12771,2017/06/30,Retail,Completed,9.01,12771-7IYT27-2,120,36.72,1
12771-7IYT27,12771,2017/06/30,Retail,Completed,9.01,12771-7IYT27-3,130,32.64,1
10236-8ZCT90,10236,2020/12/04,Retail,Completed,10.79,10236-8ZCT90-1,310,34.65,1
11055-0CBP69,11055,2018/07/05,Online,Shipped,16.54,11055-0CBP69-1,150,16.34,1
11798-1APJ64,11798,2015/08/02,Online,Shipped,12.67,11798-1APJ64-1,130,33.6,1
11074-8UFX00,11074,2019/06/16,Online,Shipped,9.12,11074-8UFX00-1,150,19.95,1
11074-8UFX00,11074,2019/06/16,Online,Shipped,9.12,11074-8UFX00-2,340,12.54,1
11074-8UFX00,11074,2019/06/16,Online,Shipped,9.12,11074-8UFX00-3,230,69.0,2
11074-8UFX00,11074,2019/06/16,Online,Shipped,9.12,11074-8UFX00-4,150,18.81,1
12620-3WNY81,12620,2018/07/03,Retail,Completed,13.7,12620-3WNY81-1,230,75.75,1
12620-3WNY81,12620,2018/07/03,Retail,Completed,13.7,12620-3WNY81-2,230,76.5,2
12620-3WNY81,12620,2018/07/03,Retail,Completed,13.7,12620-3WNY81-3,240,26.25,1
12381-3YHG17,12381,2015/02/28,Online,Shipped,12.55,12381-3YHG17-1,440,1525.5,1
12198-0LDA48,12198,2017/02/07,Online,Shipped,18.27,12198-0LDA48-1,220,54.5,1
12198-0LDA48,12198,2017/02/07,Online,Shipped,18.27,12198-0LDA48-2,410,211.6,1
12198-0LDA48,12198,2017/02/07,Online,Shipped,18.27,12198-0LDA48-3,110,47.56,1
12198-0LDA48,12198,2017/02/07,Online,Shipped,18.27,12198-0LDA48-4,430,612.0,3
12198-0LDA48,12198,2017/02/07,Online,Shipped,18.27,12198-0LDA48-5,150,19.38,1
11639-5SUE62,11639,2015/03/27,Online,Shipped,12.75,11639-5SUE62-1,220,50.5,1
11639-5SUE62,11639,2015/03/27,Online,Shipped,12.75,11639-5SUE62-2,150,19.19,1
11639-5SUE62,11639,2015/03/27,Online,Shipped,12.75,11639-5SUE62-3,150,16.34,1
12748-9INJ14,12748,2015/09/16,Online,Shipped,7.8,12748-9INJ14-1,340,11.0,1
12617-5VXO39,12617,2016/04/02,Online,Shipped,12.1,12617-5VXO39-1,230,83.25,1
12644-3MFE79,12644,2017/05/04,Retail,Completed,5.98,12644-3MFE79-1,410,236.9,1
12644-3MFE79,12644,2017/05/04,Retail,Completed,5.98,12644-3MFE79-2,150,18.43,1
12889-0VBE39,12889,2018/06/15,Retail,Completed,18.42,12889-0VBE39-1,240,25.25,1
12366-1FCX03,12366,2019/01/07,Online,Shipped,15.87,12366-1FCX03-1,340,10.12,1
12366-1FCX03,12366,2019/01/07,Online,Shipped,15.87,12366-1FCX03-2,150,17.1,4
12366-1FCX03,12366,2019/01/07,Online,Shipped,15.87,12366-1FCX03-3,150,19.0,1
12366-1FCX03,12366,2019/01/07,Online,Shipped,15.87,12366-1FCX03-4,230,73.5,1
12366-1FCX03,12366,2019/01/07,Online,Shipped,15.87,12366-1FCX03-5,240,25.25,1
10659-7QES55,10659,2018/01/25,Retail,Completed,17.53,10659-7QES55-1,140,20.7,1
10884-1XAD45,10884,2016/04/20,Retail,Completed,9.21,10884-1XAD45-1,160,15.36,1
10884-1XAD45,10884,2016/04/20,Retail,Completed,9.21,10884-1XAD45-2,160,15.84,1
12650-5INM33,12650,2017/08/12,Online,Shipped,6.32,12650-5INM33-1,150,20.33,1
11918-2WPJ61,11918,2018/11/25,Online,Shipped,15.58,11918-2WPJ61-1,230,78.0,1
11918-2WPJ61,11918,2018/11/25,Online,Shipped,15.58,11918-2WPJ61-2,150,17.1,1
12366-6ILJ49,12366,2015/09/19,Online,Shipped,7.71,12366-6ILJ49-1,240,22.0,1
11866-2WGS49,11866,2015/03/09,Retail,Completed,6.16,11866-2WGS49-1,240,22.0,1
11866-2WGS49,11866,2015/03/09,Retail,Completed,6.16,11866-2WGS49-2,340,10.23,1
11959-7IHL30,11959,2015/07/07,Online,Shipped,18.33,11959-7IHL30-1,240,22.25,1
11959-7IHL30,11959,2015/07/07,Online,Shipped,18.33,11959-7IHL30-2,160,17.28,1
11959-7IHL30,11959,2015/07/07,Online,Shipped,18.33,11959-7IHL30-3,150,18.05,1
12976-1ZWT71,12976,2018/10/25,Online,Shipped,16.93,12976-1ZWT71-1,210,91.0,1
12976-1ZWT71,12976,2018/10/25,Online,Shipped,16.93,12976-1ZWT71-2,130,29.44,1
10884-7DPM43,10884,2016/01/07,Online,Shipped,7.44,10884-7DPM43-1,140,20.24,1
10480-3MGO82,10480,2020/08/25,Online,Shipped,16.57,10480-3MGO82-1,420,504.0,1
10480-3MGO82,10480,2020/08/25,Online,Shipped,16.57,10480-3MGO82-2,240,23.75,1
11598-1UIC17,11598,2017/08/11,Retail,Completed,8.59,11598-1UIC17-1,160,15.52,3
12357-3BGF04,12357,2015/11/29,Online,Shipped,18.54,12357-3BGF04-1,220,50.5,1
12644-0DDX66,12644,2019/08/18,Online,Shipped,5.36,12644-0DDX66-1,410,227.7,1
12644-0DDX66,12644,2019/08/18,Online,Shipped,5.36,12644-0DDX66-2,320,58.74,1
11004-8JHF60,11004,2018/05/01,Retail,Completed,11.21,11004-8JHF60-1,340,11.33,1
11004-8JHF60,11004,2018/05/01,Retail,Completed,11.21,11004-8JHF60-2,330,89.1,1
12590-0YDC91,12590,2017/09/14,Retail,Completed,13.32,12590-0YDC91-1,160,17.28,1
10534-0OQU32,10534,2018/04/16,Online,Shipped,18.28,10534-0OQU32-1,420,465.6,1
10346-1UZD67,10346,2019/11/21,Retail,Completed,6.34,10346-1UZD67-1,120,28.44,1
10346-1UZD67,10346,2019/11/21,Retail,Completed,6.34,10346-1UZD67-2,140,23.23,1
12017-6PKK86,12017,2017/11/27,Online,Shipped,13.65,12017-6PKK86-1,320,61.38,1
12017-6PKK86,12017,2017/11/27,Online,Shipped,13.65,12017-6PKK86-2,130,32.0,1
12017-6PKK86,12017,2017/11/27,Online,Shipped,13.65,12017-6PKK86-3,130,38.4,1
12406-8EDS03,12406,2020/10/12,Online,Shipped,14.2,12406-8EDS03-1,160,16.0,1
12406-8EDS03,12406,2020/10/12,Online,Shipped,14.2,12406-8EDS03-2,160,14.88,1
12406-8EDS03,12406,2020/10/12,Online,Shipped,14.2,12406-8EDS03-3,160,17.28,1
11945-0TNA89,11945,2020/11/27,Online,Shipped,16.97,11945-0TNA89-1,160,17.12,1
11945-0TNA89,11945,2020/11/27,Online,Shipped,16.97,11945-0TNA89-2,150,15.96,1
11945-0TNA89,11945,2020/11/27,Online,Shipped,16.97,11945-0TNA89-3,160,16.16,1
10207-8NCR67,10207,2019/07/23,Retail,Completed,7.2,10207-8NCR67-1,240,25.25,1
10207-8NCR67,10207,2019/07/23,Retail,Completed,7.2,10207-8NCR67-2,220,56.0,1
10798-8VSB48,10798,2016/12/06,Online,Shipped,5.76,10798-8VSB48-1,150,19.57,1
10121-7QMZ28,10121,2018/01/20,Retail,Completed,15.36,10121-7QMZ28-1,320,60.72,1
10121-7QMZ28,10121,2018/01/20,Retail,Completed,15.36,10121-7QMZ28-2,240,25.0,2
10121-7QMZ28,10121,2018/01/20,Retail,Completed,15.36,10121-7QMZ28-3,240,21.5,1
10328-1ORY53,10328,2020/04/01,Online,Shipped,7.39,10328-1ORY53-1,120,28.8,1
10328-1ORY53,10328,2020/04/01,Online,Shipped,7.39,10328-1ORY53-2,410,262.2,1
12206-3OAA01,12206,2019/04/15,Online,Shipped,6.52,12206-3OAA01-1,160,17.6,2
12206-3OAA01,12206,2019/04/15,Online,Shipped,6.52,12206-3OAA01-2,340,10.01,1
12206-3OAA01,12206,2019/04/15,Online,Shipped,6.52,12206-3OAA01-3,340,10.67,1
12206-3OAA01,12206,2019/04/15,Online,Shipped,6.52,12206-3OAA01-4,160,17.76,1
12206-3OAA01,12206,2019/04/15,Online,Shipped,6.52,12206-3OAA01-5,220,57.0,1
12206-3OAA01,12206,2019/04/15,Online,Shipped,6.52,12206-3OAA01-6,240,23.0,1
11524-9NTO27,11524,2019/03/02,Online,Shipped,12.55,11524-9NTO27-1,430,712.8,1
10303-9SLF04,10303,2017/09/28,Online,Shipped,16.25,10303-9SLF04-1,340,11.33,1
11371-0SLW85,11371,2018/12/06,Online,Shipped,15.92,11371-0SLW85-1,340,9.57,1
11428-9KHY18,11428,2016/03/28,Online,Shipped,15.81,11428-9KHY18-1,120,36.72,1
11428-9KHY18,11428,2016/03/28,Online,Shipped,15.81,11428-9KHY18-2,210,123.0,1
11300-8XML17,11300,2017/08/23,Online,Shipped,10.24,11300-8XML17-1,120,35.28,1
11973-9MXY46,11973,2015/06/25,Retail,Completed,13.71,11973-9MXY46-1,240,24.5,1
11973-9MXY46,11973,2015/06/25,Retail,Completed,13.71,11973-9MXY46-2,340,11.11,1
10719-3LQR28,10719,2018/07/24,Online,Shipped,11.79,10719-3LQR28-1,140,23.46,1
10406-9UHR46,10406,2018/07/05,Online,Shipped,8.26,10406-9UHR46-1,120,32.76,1
10172-8UMJ92,10172,2016/07/22,Online,Shipped,16.34,10172-8UMJ92-1,110,41.0,1
10172-8UMJ92,10172,2016/07/22,Online,Shipped,16.34,10172-8UMJ92-2,240,27.25,1
10172-8UMJ92,10172,2016/07/22,Online,Shipped,16.34,10172-8UMJ92-3,410,264.5,1
10172-8UMJ92,10172,2016/07/22,Online,Shipped,16.34,10172-8UMJ92-4,120,34.92,1
12694-9CMT83,12694,2017/12/23,Online,Shipped,5.7,12694-9CMT83-1,140,24.38,1
12565-8QRW94,12565,2019/05/15,Retail,Completed,9.21,12565-8QRW94-1,330,103.95,1
11276-3LBH51,11276,2020/06/11,Online,Shipped,18.31,11276-3LBH51-1,130,25.92,1
11276-3LBH51,11276,2020/06/11,Online,Shipped,18.31,11276-3LBH51-2,240,22.75,2
11276-3LBH51,11276,2020/06/11,Online,Shipped,18.31,11276-3LBH51-3,160,16.32,1
10096-4SLK39,10096,2017/07/11,Online,Shipped,6.44,10096-4SLK39-1,140,25.53,1
10096-4SLK39,10096,2017/07/11,Online,Shipped,6.44,10096-4SLK39-2,140,20.93,1
10096-4SLK39,10096,2017/07/11,Online,Shipped,6.44,10096-4SLK39-3,120,35.28,1
10096-4SLK39,10096,2017/07/11,Online,Shipped,6.44,10096-4SLK39-4,230,78.0,1
10096-4SLK39,10096,2017/07/11,Online,Shipped,6.44,10096-4SLK39-5,230,69.0,1
10096-4SLK39,10096,2017/07/11,Online,Shipped,6.44,10096-4SLK39-6,240,27.0,1
10096-4SLK39,10096,2017/07/11,Online,Shipped,6.44,10096-4SLK39-7,150,21.09,1
10096-4SLK39,10096,2017/07/11,Online,Shipped,6.44,10096-4SLK39-8,160,13.12,1
11957-6DSD63,11957,2015/03/09,Online,Shipped,10.29,11957-6DSD63-1,150,20.71,1
12887-4HNK75,12887,2018/05/11,Retail,Completed,9.57,12887-4HNK75-1,420,494.4,1
12204-8MRN88,12204,2020/09/30,Retail,Completed,8.07,12204-8MRN88-1,150,16.91,1
12204-8MRN88,12204,2020/09/30,Retail,Completed,8.07,12204-8MRN88-2,240,29.0,1
10203-2FRS33,10203,2017/12/29,Retail,Completed,13.38,10203-2FRS33-1,140,20.01,1
12857-8OFF64,12857,2015/06/06,Online,Cancelled,9.64,12857-8OFF64-1,160,19.04,1
10706-6UDA79,10706,2019/10/09,Online,Shipped,11.57,10706-6UDA79-1,160,18.56,1
10706-6UDA79,10706,2019/10/09,Online,Shipped,11.57,10706-6UDA79-2,320,67.98,1
11843-5ZLX23,11843,2017/03/23,Online,Shipped,7.92,11843-5ZLX23-1,140,24.38,1
11843-5ZLX23,11843,2017/03/23,Online,Shipped,7.92,11843-5ZLX23-2,160,16.96,1
11843-5ZLX23,11843,2017/03/23,Online,Shipped,7.92,11843-5ZLX23-3,330,95.04,1
11843-5ZLX23,11843,2017/03/23,Online,Shipped,7.92,11843-5ZLX23-4,140,21.39,1
12126-9DKK14,12126,2018/02/17,Online,Shipped,16.52,12126-9DKK14-1,230,63.0,1
11578-5LFE39,11578,2016/03/07,Online,Shipped,15.93,11578-5LFE39-1,220,50.5,1
11578-5LFE39,11578,2016/03/07,Online,Shipped,15.93,11578-5LFE39-2,320,64.68,1
11578-5LFE39,11578,2016/03/07,Online,Shipped,15.93,11578-5LFE39-3,130,31.68,1
11578-5LFE39,11578,2016/03/07,Online,Shipped,15.93,11578-5LFE39-4,430,684.0,1
11578-5LFE39,11578,2016/03/07,Online,Shipped,15.93,11578-5LFE39-5,240,25.5,1
12633-7QRK82,12633,2019/08/20,Online,Shipped,9.56,12633-7QRK82-1,240,30.0,1
12633-7QRK82,12633,2019/08/20,Online,Shipped,9.56,12633-7QRK82-2,340,12.65,1
12633-7QRK82,12633,2019/08/20,Online,Shipped,9.56,12633-7QRK82-3,160,14.08,1
10329-6QDZ01,10329,2020/08/11,Retail,Completed,7.16,10329-6QDZ01-1,150,20.33,1
10329-6QDZ01,10329,2020/08/11,Retail,Completed,7.16,10329-6QDZ01-2,240,26.25,1
10329-6QDZ01,10329,2020/08/11,Retail,Completed,7.16,10329-6QDZ01-3,140,25.76,2
10647-9KAY76,10647,2018/10/11,Online,Shipped,17.82,10647-9KAY76-1,130,33.28,1
10438-2GJM69,10438,2017/06/08,Online,Shipped,14.9,10438-2GJM69-1,330,105.93,1
10438-2GJM69,10438,2017/06/08,Online,Shipped,14.9,10438-2GJM69-2,320,65.34,1
12273-1ZUN23,12273,2018/05/29,Online,Shipped,6.11,12273-1ZUN23-1,140,26.22,1
12273-1ZUN23,12273,2018/05/29,Online,Shipped,6.11,12273-1ZUN23-2,320,69.96,1
12273-1ZUN23,12273,2018/05/29,Online,Shipped,6.11,12273-1ZUN23-3,410,213.9,1
10401-1WJG55,10401,2016/07/30,Online,Shipped,9.12,10401-1WJG55-1,150,21.85,1
10401-1WJG55,10401,2016/07/30,Online,Shipped,9.12,10401-1WJG55-2,240,22.5,1
10738-9AQY93,10738,2019/09/20,Online,Shipped,18.66,10738-9AQY93-1,330,106.92,1
11009-8VOZ83,11009,2020/04/30,Online,Shipped,8.13,11009-8VOZ83-1,150,17.1,1
11009-8VOZ83,11009,2020/04/30,Online,Shipped,8.13,11009-8VOZ83-2,120,38.88,1
12404-0NAQ14,12404,2015/07/08,Retail,Completed,12.84,12404-0NAQ14-1,130,32.32,3
12404-0NAQ14,12404,2015/07/08,Retail,Completed,12.84,12404-0NAQ14-2,420,456.0,1
11546-2ARS66,11546,2019/04/24,Online,Shipped,13.4,11546-2ARS66-1,160,18.08,1
10643-1VXF62,10643,2020/04/16,Online,Shipped,18.27,10643-1VXF62-1,160,19.52,1
10643-1VXF62,10643,2020/04/16,Online,Shipped,18.27,10643-1VXF62-2,240,24.25,1
11011-9ENK07,11011,2016/06/17,Retail,Completed,6.57,11011-9ENK07-1,230,71.25,1
11011-9ENK07,11011,2016/06/17,Retail,Completed,6.57,11011-9ENK07-2,430,648.0,1
11011-9ENK07,11011,2016/06/17,Retail,Completed,6.57,11011-9ENK07-3,330,105.93,1
10830-9WCJ06,10830,2018/04/05,Online,Shipped,11.13,10830-9WCJ06-1,240,24.75,1
10917-0TOS14,10917,2020/11/05,Online,Shipped,18.14,10917-0TOS14-1,440,1282.5,1
10917-0TOS14,10917,2020/11/05,Online,Shipped,18.14,10917-0TOS14-2,130,32.32,1
12862-4JXU16,12862,2017/09/02,Online,Shipped,16.72,12862-4JXU16-1,230,78.75,1
12862-4JXU16,12862,2017/09/02,Online,Shipped,16.72,12862-4JXU16-2,240,25.25,1
12862-4JXU16,12862,2017/09/02,Online,Shipped,16.72,12862-4JXU16-3,160,18.24,1
12862-4JXU16,12862,2017/09/02,Online,Shipped,16.72,12862-4JXU16-4,160,16.96,1
12594-2BPC27,12594,2018/02/09,Retail,Completed,14.33,12594-2BPC27-1,140,23.46,1
12594-2BPC27,12594,2018/02/09,Retail,Completed,14.33,12594-2BPC27-2,140,25.99,1
12594-2BPC27,12594,2018/02/09,Retail,Completed,14.33,12594-2BPC27-3,150,20.33,1
11620-8DWV50,11620,2020/05/14,Online,Shipped,13.58,11620-8DWV50-1,410,241.5,1
12565-0NOX16,12565,2018/01/23,Retail,Completed,9.99,12565-0NOX16-1,220,56.5,1
12565-0NOX16,12565,2018/01/23,Retail,Completed,9.99,12565-0NOX16-2,130,32.64,1
12064-2FFP47,12064,2018/04/07,Online,Shipped,13.78,12064-2FFP47-1,340,12.1,1
10046-6IQR43,10046,2015/12/19,Online,Shipped,8.49,10046-6IQR43-1,150,16.53,1
10046-6IQR43,10046,2015/12/19,Online,Shipped,8.49,10046-6IQR43-2,160,16.32,1
12890-7CRW34,12890,2017/05/15,Retail,Completed,9.27,12890-7CRW34-1,240,21.0,4
11994-2NUK84,11994,2018/09/28,Retail,Completed,5.36,11994-2NUK84-1,230,70.5,3
11994-2NUK84,11994,2018/09/28,Retail,Completed,5.36,11994-2NUK84-2,240,18.5,1
11994-2NUK84,11994,2018/09/28,Retail,Completed,5.36,11994-2NUK84-3,240,29.75,1
11994-2NUK84,11994,2018/09/28,Retail,Completed,5.36,11994-2NUK84-4,240,26.25,1
11994-2NUK84,11994,2018/09/28,Retail,Completed,5.36,11994-2NUK84-5,330,98.01,1
11994-2NUK84,11994,2018/09/28,Retail,Completed,5.36,11994-2NUK84-6,150,21.28,1
11994-2NUK84,11994,2018/09/28,Retail,Completed,5.36,11994-2NUK84-7,330,85.14,1
10250-9SGM90,10250,2016/03/27,Online,Shipped,7.18,10250-9SGM90-1,160,16.64,1
10629-1PJM82,10629,2018/03/26,Online,Shipped,13.71,10629-1PJM82-1,160,14.4,1
10629-1PJM82,10629,2018/03/26,Online,Shipped,13.71,10629-1PJM82-2,330,99.0,1
11095-9AMS28,11095,2017/06/16,Online,Shipped,6.69,11095-9AMS28-1,320,71.94,1
11095-9AMS28,11095,2017/06/16,Online,Shipped,6.69,11095-9AMS28-2,230,83.25,1
11095-9AMS28,11095,2017/06/16,Online,Shipped,6.69,11095-9AMS28-3,240,25.25,1
10075-0EYN97,10075,2016/07/06,Online,Shipped,18.91,10075-0EYN97-1,330,99.99,1
10723-6IWI84,10723,2015/02/12,Online,Shipped,10.82,10723-6IWI84-1,230,72.75,1
10723-6IWI84,10723,2015/02/12,Online,Shipped,10.82,10723-6IWI84-2,230,79.5,1
12726-7QIK37,12726,2018/07/17,Retail,Completed,10.22,12726-7QIK37-1,120,39.6,1
11475-6DVL61,11475,2016/01/15,Online,Shipped,5.29,11475-6DVL61-1,110,34.44,1
11475-6DVL61,11475,2016/01/15,Online,Shipped,5.29,11475-6DVL61-2,130,37.76,1
12372-2YOE49,12372,2017/08/27,Online,Shipped,9.9,12372-2YOE49-1,160,15.84,1
10258-0CWF57,10258,2019/08/30,Retail,Completed,7.02,10258-0CWF57-1,160,16.48,1
11667-2CBO05,11667,2019/05/02,Online,Shipped,11.12,11667-2CBO05-1,240,25.0,1
11667-2CBO05,11667,2019/05/02,Online,Shipped,11.12,11667-2CBO05-2,150,19.95,1
11465-6ZYX63,11465,2016/12/08,Retail,Completed,12.65,11465-6ZYX63-1,160,18.56,1
11465-6ZYX63,11465,2016/12/08,Retail,Completed,12.65,11465-6ZYX63-2,130,33.6,1
11465-6ZYX63,11465,2016/12/08,Retail,Completed,12.65,11465-6ZYX63-3,310,35.31,1
10894-9YCW47,10894,2015/05/14,Online,Shipped,13.14,10894-9YCW47-1,160,15.36,1
12911-6WKL91,12911,2017/12/17,Retail,Completed,17.82,12911-6WKL91-1,150,19.0,1
12176-6YRG60,12176,2019/06/20,Online,Shipped,15.31,12176-6YRG60-1,150,17.1,2
11701-6VIN97,11701,2018/03/19,Online,Shipped,14.2,11701-6VIN97-1,160,16.64,1
11701-6VIN97,11701,2018/03/19,Online,Shipped,14.2,11701-6VIN97-2,140,22.77,1
11701-6VIN97,11701,2018/03/19,Online,Shipped,14.2,11701-6VIN97-3,230,80.25,2
11701-6VIN97,11701,2018/03/19,Online,Shipped,14.2,11701-6VIN97-4,340,10.78,1
11701-6VIN97,11701,2018/03/19,Online,Shipped,14.2,11701-6VIN97-5,150,20.33,1
11701-6VIN97,11701,2018/03/19,Online,Shipped,14.2,11701-6VIN97-6,240,22.5,2
11701-6VIN97,11701,2018/03/19,Online,Shipped,14.2,11701-6VIN97-7,110,34.85,1
11701-6VIN97,11701,2018/03/19,Online,Shipped,14.2,11701-6VIN97-8,140,19.32,1
11701-6VIN97,11701,2018/03/19,Online,Shipped,14.2,11701-6VIN97-9,440,1228.5,1
11701-6VIN97,11701,2018/03/19,Online,Shipped,14.2,11701-6VIN97-10,330,99.99,1
11853-0MMQ91,11853,2016/06/19,Online,Shipped,15.33,11853-0MMQ91-1,110,41.82,1
11853-0MMQ91,11853,2016/06/19,Online,Shipped,15.33,11853-0MMQ91-2,140,25.99,1
11853-0MMQ91,11853,2016/06/19,Online,Shipped,15.33,11853-0MMQ91-3,340,12.76,1
11853-0MMQ91,11853,2016/06/19,Online,Shipped,15.33,11853-0MMQ91-4,230,68.25,1
11853-0MMQ91,11853,2016/06/19,Online,Shipped,15.33,11853-0MMQ91-5,340,11.11,1
11853-0MMQ91,11853,2016/06/19,Online,Shipped,15.33,11853-0MMQ91-6,430,770.4,2
11853-0MMQ91,11853,2016/06/19,Online,Shipped,15.33,11853-0MMQ91-7,240,25.5,2
10202-8VGT87,10202,2019/11/06,Online,Shipped,12.64,10202-8VGT87-1,130,40.0,1
11507-8UXX22,11507,2019/02/07,Retail,Completed,14.01,11507-8UXX22-1,110,43.05,1
11507-8UXX22,11507,2019/02/07,Retail,Completed,14.01,11507-8UXX22-2,160,18.08,1
11413-3ZJG67,11413,2020/12/27,Online,Shipped,7.45,11413-3ZJG67-1,150,19.57,1
11413-3ZJG67,11413,2020/12/27,Online,Shipped,7.45,11413-3ZJG67-2,150,23.37,1
11413-3ZJG67,11413,2020/12/27,Online,Shipped,7.45,11413-3ZJG67-3,240,27.25,1
11563-8CNR09,11563,2015/08/24,Online,Shipped,8.27,11563-8CNR09-1,130,32.0,1
10843-4HNW64,10843,2016/03/26,Online,Shipped,13.59,10843-4HNW64-1,240,28.0,1
10843-4HNW64,10843,2016/03/26,Online,Shipped,13.59,10843-4HNW64-2,150,20.71,1
10843-4HNW64,10843,2016/03/26,Online,Shipped,13.59,10843-4HNW64-3,240,29.0,2
10843-4HNW64,10843,2016/03/26,Online,Shipped,13.59,10843-4HNW64-4,440,1323.0,3
11244-1ZDU84,11244,2016/06/11,Online,Shipped,12.91,11244-1ZDU84-1,110,42.64,1
11244-1ZDU84,11244,2016/06/11,Online,Shipped,12.91,11244-1ZDU84-2,240,26.5,1
11244-1ZDU84,11244,2016/06/11,Online,Shipped,12.91,11244-1ZDU84-3,160,18.56,1
11244-1ZDU84,11244,2016/06/11,Online,Shipped,12.91,11244-1ZDU84-4,230,69.75,1
11244-1ZDU84,11244,2016/06/11,Online,Shipped,12.91,11244-1ZDU84-5,330,108.9,1
12117-2ESY53,12117,2016/06/17,Online,Shipped,5.18,12117-2ESY53-1,240,24.25,1
12305-1XRE51,12305,2019/06/05,Retail,Completed,13.93,12305-1XRE51-1,150,21.09,1
12916-1PFS40,12916,2018/03/20,Retail,Completed,8.48,12916-1PFS40-1,110,36.9,1
12916-1PFS40,12916,2018/03/20,Retail,Completed,8.48,12916-1PFS40-2,140,22.08,1
10514-6NYM16,10514,2019/03/26,Online,Shipped,18.55,10514-6NYM16-1,320,57.42,2
11976-0ILL31,11976,2018/01/25,Online,Shipped,17.83,11976-0ILL31-1,340,11.33,2
10500-8NVR34,10500,2020/04/09,Online,Shipped,17.73,10500-8NVR34-1,130,36.8,1
10100-6TLA57,10100,2016/10/22,Retail,Completed,16.11,10100-6TLA57-1,160,14.4,1
11912-5KSU69,11912,2020/03/29,Retail,Completed,12.72,11912-5KSU69-1,340,10.23,1
11912-5KSU69,11912,2020/03/29,Retail,Completed,12.72,11912-5KSU69-2,130,33.28,1
11912-5KSU69,11912,2020/03/29,Retail,Completed,12.72,11912-5KSU69-3,230,79.5,1
12867-5RQC17,12867,2017/07/04,Online,Shipped,10.51,12867-5RQC17-1,340,12.21,1
12867-5RQC17,12867,2017/07/04,Online,Shipped,10.51,12867-5RQC17-2,230,73.5,1
12302-5ICT32,12302,2019/12/27,Online,Shipped,15.28,12302-5ICT32-1,310,33.0,2
10342-1AIS67,10342,2018/09/09,Retail,Completed,11.56,10342-1AIS67-1,160,13.28,1
10342-1AIS67,10342,2018/09/09,Retail,Completed,11.56,10342-1AIS67-2,160,13.12,1
10342-1AIS67,10342,2018/09/09,Retail,Completed,11.56,10342-1AIS67-3,330,98.01,1
10342-1AIS67,10342,2018/09/09,Retail,Completed,11.56,10342-1AIS67-4,160,16.32,1
10342-1AIS67,10342,2018/09/09,Retail,Completed,11.56,10342-1AIS67-5,120,31.68,1
10342-1AIS67,10342,2018/09/09,Retail,Completed,11.56,10342-1AIS67-6,240,23.75,1
12382-1ZLW96,12382,2020/03/09,Online,Shipped,18.67,12382-1ZLW96-1,230,71.25,1
12382-1ZLW96,12382,2020/03/09,Online,Shipped,18.67,12382-1ZLW96-2,140,23.92,4
12382-1ZLW96,12382,2020/03/09,Online,Shipped,18.67,12382-1ZLW96-3,240,28.25,1
12382-1ZLW96,12382,2020/03/09,Online,Shipped,18.67,12382-1ZLW96-4,240,19.5,1
11353-1NRP59,11353,2018/03/26,Online,Shipped,6.59,11353-1NRP59-1,330,115.83,1
11832-3JNE05,11832,2016/04/13,Online,Shipped,16.53,11832-3JNE05-1,150,18.24,1
12513-9VOX16,12513,2018/02/11,Online,Shipped,5.36,12513-9VOX16-1,130,31.04,1
12513-9VOX16,12513,2018/02/11,Online,Shipped,5.36,12513-9VOX16-2,240,27.25,1
12513-9VOX16,12513,2018/02/11,Online,Shipped,5.36,12513-9VOX16-3,160,13.6,1
12660-0SDE87,12660,2016/02/10,Retail,Completed,5.22,12660-0SDE87-1,130,36.16,1
12660-0SDE87,12660,2016/02/10,Retail,Completed,5.22,12660-0SDE87-2,240,26.75,1
10652-4DZO43,10652,2015/03/25,Online,Shipped,12.32,10652-4DZO43-1,150,20.9,2
10652-4DZO43,10652,2015/03/25,Online,Shipped,12.32,10652-4DZO43-2,330,111.87,1
12131-3FAH67,12131,2015/11/07,Online,Shipped,5.28,12131-3FAH67-1,330,103.95,2
12856-3OYK46,12856,2015/07/31,Online,Shipped,17.73,12856-3OYK46-1,130,29.12,1
12769-3GCW55,12769,2020/11/08,Online,Shipped,7.8,12769-3GCW55-1,160,16.96,4
11497-2GOO53,11497,2020/01/20,Online,Shipped,5.72,11497-2GOO53-1,110,39.36,1
11497-2GOO53,11497,2020/01/20,Online,Shipped,5.72,11497-2GOO53-2,150,19.95,1
11497-2GOO53,11497,2020/01/20,Online,Shipped,5.72,11497-2GOO53-3,160,16.16,1
11969-5UXG75,11969,2016/04/20,Retail,Completed,17.41,11969-5UXG75-1,220,45.5,1
10080-3QIA60,10080,2020/11/13,Retail,Completed,15.15,10080-3QIA60-1,340,10.89,1
11100-2JJN93,11100,2017/01/03,Online,Shipped,13.0,11100-2JJN93-1,130,27.52,1
11100-2JJN93,11100,2017/01/03,Online,Shipped,13.0,11100-2JJN93-2,150,17.29,4
10055-9IXQ16,10055,2016/08/13,Retail,Completed,17.52,10055-9IXQ16-1,140,22.77,1
12115-1BHF23,12115,2015/02/06,Retail,Completed,13.27,12115-1BHF23-1,330,83.16,1
12355-5JVJ99,12355,2020/12/02,Online,Shipped,10.41,12355-5JVJ99-1,110,39.36,1
11091-5KAC82,11091,2019/06/29,Online,Shipped,9.35,11091-5KAC82-1,210,100.0,1
12827-8LBP85,12827,2020/10/12,Retail,Completed,12.92,12827-8LBP85-1,160,14.72,1
12827-8LBP85,12827,2020/10/12,Retail,Completed,12.92,12827-8LBP85-2,340,11.66,1
12130-7JLI37,12130,2015/04/28,Online,Shipped,18.15,12130-7JLI37-1,160,16.0,1
12130-7JLI37,12130,2015/04/28,Online,Shipped,18.15,12130-7JLI37-2,410,276.0,1
12130-7JLI37,12130,2015/04/28,Online,Shipped,18.15,12130-7JLI37-3,230,70.5,1
12130-7JLI37,12130,2015/04/28,Online,Shipped,18.15,12130-7JLI37-4,330,92.07,1
12562-1MMR05,12562,2018/03/10,Online,Shipped,12.35,12562-1MMR05-1,230,72.75,1
12562-1MMR05,12562,2018/03/10,Online,Shipped,12.35,12562-1MMR05-2,210,105.0,1
12403-3BMA64,12403,2016/11/17,Online,Shipped,18.13,12403-3BMA64-1,150,15.58,1
12403-3BMA64,12403,2016/11/17,Online,Shipped,18.13,12403-3BMA64-2,140,24.15,1
12189-0ZNU59,12189,2015/09/05,Online,Shipped,17.87,12189-0ZNU59-1,150,19.95,4
12189-0ZNU59,12189,2015/09/05,Online,Shipped,17.87,12189-0ZNU59-2,160,18.24,1
11986-4PHL63,11986,2018/08/20,Online,Shipped,15.2,11986-4PHL63-1,410,213.9,1
11986-4PHL63,11986,2018/08/20,Online,Shipped,15.2,11986-4PHL63-2,160,15.52,3
11986-4PHL63,11986,2018/08/20,Online,Shipped,15.2,11986-4PHL63-3,160,17.44,1
12511-0HLF20,12511,2018/02/19,Online,Shipped,10.87,12511-0HLF20-1,160,16.64,1
12511-0HLF20,12511,2018/02/19,Online,Shipped,10.87,12511-0HLF20-2,330,105.93,1
12949-4OOV34,12949,2019/03/03,Retail,Completed,12.8,12949-4OOV34-1,230,72.0,1
11196-6KTH07,11196,2020/04/24,Online,Shipped,13.71,11196-6KTH07-1,340,11.0,1
10224-7HPE78,10224,2020/01/14,Online,Shipped,16.09,10224-7HPE78-1,130,32.64,1
12407-9RUB46,12407,2020/12/07,Online,Shipped,7.85,12407-9RUB46-1,150,18.05,1
12836-6BFK40,12836,2017/05/29,Online,Shipped,7.71,12836-6BFK40-1,120,34.2,1
12836-6BFK40,12836,2017/05/29,Online,Shipped,7.71,12836-6BFK40-2,220,47.0,1
12836-6BFK40,12836,2017/05/29,Online,Shipped,7.71,12836-6BFK40-3,230,57.75,1
11175-1TGE81,11175,2019/01/23,Online,Shipped,17.9,11175-1TGE81-1,230,70.5,1
11175-1TGE81,11175,2019/01/23,Online,Shipped,17.9,11175-1TGE81-2,120,37.8,1
11175-1TGE81,11175,2019/01/23,Online,Shipped,17.9,11175-1TGE81-3,150,19.0,1
10258-7DNM51,10258,2016/12/06,Online,Shipped,14.46,10258-7DNM51-1,160,15.84,1
10258-7DNM51,10258,2016/12/06,Online,Shipped,14.46,10258-7DNM51-2,330,90.09,1
10258-7DNM51,10258,2016/12/06,Online,Shipped,14.46,10258-7DNM51-3,120,30.6,1
11818-0BAZ14,11818,2017/05/17,Online,Shipped,14.16,11818-0BAZ14-1,320,54.12,1
11818-0BAZ14,11818,2017/05/17,Online,Shipped,14.16,11818-0BAZ14-2,130,37.76,1
10613-1AJS51,10613,2018/12/16,Online,Shipped,8.52,10613-1AJS51-1,140,25.53,3
12900-2XEM47,12900,2016/02/12,Online,Shipped,12.35,12900-2XEM47-1,120,36.0,1
11877-2FRB29,11877,2016/09/02,Retail,Completed,12.44,11877-2FRB29-1,160,16.16,1
11877-2FRB29,11877,2016/09/02,Retail,Completed,12.44,11877-2FRB29-2,150,21.66,1
11093-9CMR31,11093,2017/03/30,Online,Shipped,17.22,11093-9CMR31-1,320,69.3,1
11093-9CMR31,11093,2017/03/30,Online,Shipped,17.22,11093-9CMR31-2,230,78.0,1
11093-9CMR31,11093,2017/03/30,Online,Shipped,17.22,11093-9CMR31-3,140,26.45,1
11583-0TUM43,11583,2017/09/24,Online,Shipped,12.27,11583-0TUM43-1,120,36.36,1
11583-0TUM43,11583,2017/09/24,Online,Shipped,12.27,11583-0TUM43-2,340,7.81,1
12776-8MIG22,12776,2020/02/21,Retail,Completed,18.12,12776-8MIG22-1,150,15.96,1
12776-8MIG22,12776,2020/02/21,Retail,Completed,18.12,12776-8MIG22-2,340,8.69,1
12776-8MIG22,12776,2020/02/21,Retail,Completed,18.12,12776-8MIG22-3,130,31.04,1
10339-4PAN79,10339,2018/05/14,Online,Shipped,12.93,10339-4PAN79-1,150,18.43,1
11476-4WSX01,11476,2020/12/27,Online,Shipped,14.89,11476-4WSX01-1,150,18.24,1
12600-6VDH85,12600,2017/09/05,Online,Shipped,18.04,12600-6VDH85-1,120,35.64,1
12600-6VDH85,12600,2017/09/05,Online,Shipped,18.04,12600-6VDH85-2,150,23.75,1
12600-6VDH85,12600,2017/09/05,Online,Shipped,18.04,12600-6VDH85-3,160,12.96,1
10994-1AFN70,10994,2017/07/15,Online,Shipped,5.34,10994-1AFN70-1,330,91.08,1
11634-5VUH02,11634,2020/03/30,Online,Shipped,6.02,11634-5VUH02-1,150,19.38,2
11634-5VUH02,11634,2020/03/30,Online,Shipped,6.02,11634-5VUH02-2,340,11.99,1
12491-1CRA79,12491,2015/12/19,Online,Shipped,9.14,12491-1CRA79-1,160,15.36,4
12620-8FQD02,12620,2020/11/08,Retail,Completed,6.57,12620-8FQD02-1,160,18.88,1
12620-8FQD02,12620,2020/11/08,Retail,Completed,6.57,12620-8FQD02-2,220,43.0,1
12620-8FQD02,12620,2020/11/08,Retail,Completed,6.57,12620-8FQD02-3,150,19.95,1
11350-2LVD07,11350,2017/05/19,Online,Shipped,15.35,11350-2LVD07-1,340,9.79,1
12735-3EBY85,12735,2019/02/14,Online,Shipped,7.75,12735-3EBY85-1,130,32.32,1
11446-0NWB27,11446,2018/03/12,Online,Shipped,8.01,11446-0NWB27-1,160,18.88,1
11071-8BJX27,11071,2019/05/20,Online,Shipped,5.89,11071-8BJX27-1,320,55.44,1
11773-3KZW93,11773,2018/04/27,Online,Shipped,6.7,11773-3KZW93-1,110,48.79,4
11773-3KZW93,11773,2018/04/27,Online,Shipped,6.7,11773-3KZW93-2,160,15.04,1
12348-8PMA94,12348,2019/10/11,Online,Shipped,6.17,12348-8PMA94-1,120,36.36,1
12348-8PMA94,12348,2019/10/11,Online,Shipped,6.17,12348-8PMA94-2,320,69.96,1
10752-6XBN51,10752,2017/02/24,Retail,Completed,12.49,10752-6XBN51-1,240,24.25,1
10752-6XBN51,10752,2017/02/24,Retail,Completed,12.49,10752-6XBN51-2,320,58.74,1
11794-0CYH99,11794,2017/06/11,Online,Shipped,7.27,11794-0CYH99-1,130,35.2,1
11794-0CYH99,11794,2017/06/11,Online,Shipped,7.27,11794-0CYH99-2,150,18.05,1
11145-6KUT42,11145,2015/09/28,Retail,Completed,7.77,11145-6KUT42-1,110,42.23,1
11145-6KUT42,11145,2015/09/28,Retail,Completed,7.77,11145-6KUT42-2,310,34.98,1
11949-9UET19,11949,2016/02/12,Online,Shipped,12.91,11949-9UET19-1,130,30.4,1
11949-9UET19,11949,2016/02/12,Online,Shipped,12.91,11949-9UET19-2,420,427.2,1
11949-9UET19,11949,2016/02/12,Online,Shipped,12.91,11949-9UET19-3,220,55.5,1
10631-0EZG58,10631,2019/12/29,Online,Shipped,13.93,10631-0EZG58-1,130,24.64,1
12558-4RAB70,12558,2016/05/05,Online,Shipped,11.93,12558-4RAB70-1,160,17.28,1
12558-4RAB70,12558,2016/05/05,Online,Shipped,11.93,12558-4RAB70-2,340,7.37,1
12558-4RAB70,12558,2016/05/05,Online,Shipped,11.93,12558-4RAB70-3,140,23.46,1
10791-0LQM41,10791,2019/10/24,Online,Shipped,17.33,10791-0LQM41-1,160,14.72,1
10002-3VWI27,10002,2017/08/29,Retail,Completed,18.78,10002-3VWI27-1,230,83.25,1
12336-9VJC23,12336,2015/01/30,Online,Shipped,15.88,12336-9VJC23-1,340,10.67,1
12336-9VJC23,12336,2015/01/30,Online,Shipped,15.88,12336-9VJC23-2,160,13.92,1
11984-6RAG38,11984,2018/10/07,Online,Shipped,13.5,11984-6RAG38-1,140,23.23,1
12546-4YOT69,12546,2018/07/28,Online,Shipped,14.48,12546-4YOT69-1,340,12.1,1
12325-6ROC40,12325,2016/12/11,Online,Shipped,17.25,12325-6ROC40-1,110,39.77,1
12325-6ROC40,12325,2016/12/11,Online,Shipped,17.25,12325-6ROC40-2,160,14.88,1
12325-6ROC40,12325,2016/12/11,Online,Shipped,17.25,12325-6ROC40-3,240,24.0,1
11453-4RNI79,11453,2018/12/20,Retail,Completed,10.87,11453-4RNI79-1,230,66.0,1
11453-4RNI79,11453,2018/12/20,Retail,Completed,10.87,11453-4RNI79-2,160,16.96,1
11453-4RNI79,11453,2018/12/20,Retail,Completed,10.87,11453-4RNI79-3,150,19.95,1
11453-4RNI79,11453,2018/12/20,Retail,Completed,10.87,11453-4RNI79-4,150,17.67,1
11453-4RNI79,11453,2018/12/20,Retail,Completed,10.87,11453-4RNI79-5,160,16.0,1
10307-7ERQ79,10307,2016/09/30,Online,Shipped,13.83,10307-7ERQ79-1,130,33.28,1
10740-0RUK63,10740,2017/07/18,Online,Shipped,18.5,10740-0RUK63-1,150,16.72,2
10740-0RUK63,10740,2017/07/18,Online,Shipped,18.5,10740-0RUK63-2,150,22.04,1
10740-0RUK63,10740,2017/07/18,Online,Shipped,18.5,10740-0RUK63-3,320,72.6,1
10740-0RUK63,10740,2017/07/18,Online,Shipped,18.5,10740-0RUK63-4,240,21.75,1
12905-8RIS63,12905,2016/11/25,Online,Shipped,8.98,12905-8RIS63-1,220,46.5,1
12537-8DBA65,12537,2017/05/04,Online,Shipped,6.02,12537-8DBA65-1,130,33.6,1
12537-8DBA65,12537,2017/05/04,Online,Shipped,6.02,12537-8DBA65-2,130,39.68,4
10618-4RMS76,10618,2020/08/12,Online,Shipped,17.69,10618-4RMS76-1,310,33.33,2
10618-4RMS76,10618,2020/08/12,Online,Shipped,17.69,10618-4RMS76-2,120,33.12,1
12789-3NDC35,12789,2020/11/11,Retail,Completed,11.97,12789-3NDC35-1,130,36.16,1
12337-7XJE73,12337,2020/07/07,Online,Shipped,6.65,12337-7XJE73-1,130,35.52,1
12337-7XJE73,12337,2020/07/07,Online,Shipped,6.65,12337-7XJE73-2,130,28.16,1
11906-7SDP79,11906,2019/12/03,Retail,Completed,13.74,11906-7SDP79-1,230,78.75,1
11906-7SDP79,11906,2019/12/03,Retail,Completed,13.74,11906-7SDP79-2,240,24.25,1
12859-1BNP98,12859,2018/07/10,Online,Shipped,14.24,12859-1BNP98-1,110,34.85,1
12859-1BNP98,12859,2018/07/10,Online,Shipped,14.24,12859-1BNP98-2,130,33.6,1
12594-8YYI76,12594,2016/07/21,Online,Shipped,18.73,12594-8YYI76-1,340,8.58,1
12594-8YYI76,12594,2016/07/21,Online,Shipped,18.73,12594-8YYI76-2,330,103.95,1
12594-8YYI76,12594,2016/07/21,Online,Shipped,18.73,12594-8YYI76-3,240,26.5,1
12594-8YYI76,12594,2016/07/21,Online,Shipped,18.73,12594-8YYI76-4,120,35.28,4
12594-8YYI76,12594,2016/07/21,Online,Shipped,18.73,12594-8YYI76-5,230,71.25,1
12594-8YYI76,12594,2016/07/21,Online,Shipped,18.73,12594-8YYI76-6,160,15.84,1
10526-2BYH35,10526,2017/06/09,Online,Shipped,11.78,10526-2BYH35-1,150,22.23,1
10526-2BYH35,10526,2017/06/09,Online,Shipped,11.78,10526-2BYH35-2,120,39.96,1
11602-1WCK57,11602,2015/08/18,Online,Shipped,13.05,11602-1WCK57-1,240,28.5,1
10476-6BSF52,10476,2019/02/23,Retail,Completed,14.39,10476-6BSF52-1,140,22.31,1
11325-0IDQ87,11325,2020/03/26,Online,Shipped,13.52,11325-0IDQ87-1,320,67.98,1
11325-0IDQ87,11325,2020/03/26,Online,Shipped,13.52,11325-0IDQ87-2,210,99.0,1
10139-4ADV65,10139,2016/05/05,Retail,Completed,11.6,10139-4ADV65-1,330,99.0,1
10139-4ADV65,10139,2016/05/05,Retail,Completed,11.6,10139-4ADV65-2,150,18.05,1
